user_id,age_group,subscription_type,preferred_device,user_persona
1,22-25,Basic,Laptop,Weekend Binger
2,26-30,Premium,Mobile,Premium Loyalist
3,26-30,Premium,TV,Casual Scroller
4,18-21,Basic,Mobile,Weekend Binger
5,18-21,Basic,Laptop,Weekend Binger
6,18-21,Premium,Mobile,Casual Scroller
7,18-21,Free,Mobile,Casual Scroller
8,18-21,Premium,Mobile,Weekend Binger
9,22-25,Basic,Mobile,Casual Scroller
10,22-25,Free,Mobile,Casual Scroller
11,22-25,Basic,Mobile,Weekend Binger
12,22-25,Free,Mobile,Premium Loyalist
13,26-30,Premium,Mobile,Casual Scroller
14,18-21,Free,Mobile,Weekend Binger
15,22-25,Free,Mobile,Casual Scroller
16,18-21,Basic,Mobile,Premium Loyalist
17,18-21,Basic,TV,Casual Scroller
18,22-25,Basic,Mobile,Weekend Binger
19,18-21,Basic,Mobile,Casual Scroller
20,18-21,Premium,Mobile,Weekend Binger
21,18-21,Premium,TV,Premium Loyalist
22,18-21,Basic,Mobile,Casual Scroller
23,18-21,Premium,Mobile,Casual Scroller
24,18-21,Basic,Mobile,Casual Scroller
25,22-25,Free,Mobile,Weekend Binger
26,18-21,Basic,Mobile,Weekend Binger
27,18-21,Basic,Mobile,Casual Scroller
28,18-21,Basic,TV,Casual Scroller
29,22-25,Free,Laptop,Weekend Binger
30,18-21,Basic,Mobile,Premium Loyalist
31,22-25,Premium,Mobile,Weekend Binger
32,18-21,Premium,Mobile,Weekend Binger
33,18-21,Premium,Mobile,Casual Scroller
34,18-21,Premium,Mobile,Casual Scroller
35,22-25,Basic,Mobile,Casual Scroller
36,26-30,Basic,Laptop,Casual Scroller
37,22-25,Premium,Mobile,Weekend Binger
38,18-21,Premium,TV,Casual Scroller
39,22-25,Free,Mobile,Casual Scroller
40,18-21,Basic,Laptop,Premium Loyalist
41,22-25,Premium,Mobile,Casual Scroller
42,18-21,Basic,Mobile,Casual Scroller
43,22-25,Basic,Mobile,Weekend Binger
44,22-25,Basic,TV,Casual Scroller
45,18-21,Premium,Laptop,Casual Scroller
46,22-25,Premium,Mobile,Weekend Binger
47,18-21,Basic,Mobile,Weekend Binger
48,22-25,Free,Laptop,Weekend Binger
49,22-25,Free,Mobile,Casual Scroller
50,18-21,Basic,Mobile,Casual Scroller
51,22-25,Basic,Laptop,Weekend Binger
52,18-21,Premium,Mobile,Casual Scroller
53,22-25,Basic,Mobile,Weekend Binger
54,18-21,Premium,Laptop,Premium Loyalist
55,18-21,Basic,Mobile,Premium Loyalist
56,18-21,Premium,Mobile,Weekend Binger
57,18-21,Premium,Mobile,Casual Scroller
58,18-21,Basic,Mobile,Casual Scroller
59,26-30,Premium,Mobile,Weekend Binger
60,22-25,Free,TV,Premium Loyalist
61,22-25,Basic,Mobile,Weekend Binger
62,26-30,Basic,Laptop,Weekend Binger
63,18-21,Premium,Laptop,Weekend Binger
64,18-21,Basic,Laptop,Casual Scroller
65,22-25,Basic,Mobile,Weekend Binger
66,26-30,Basic,Mobile,Weekend Binger
67,22-25,Basic,Mobile,Casual Scroller
68,22-25,Premium,Mobile,Casual Scroller
69,22-25,Basic,Mobile,Weekend Binger
70,22-25,Premium,TV,Casual Scroller
71,26-30,Premium,TV,Casual Scroller
72,18-21,Free,Mobile,Casual Scroller
73,18-21,Free,Mobile,Casual Scroller
74,22-25,Free,Mobile,Premium Loyalist
75,18-21,Free,Mobile,Casual Scroller
76,18-21,Basic,Mobile,Casual Scroller
77,26-30,Basic,Laptop,Casual Scroller
78,18-21,Basic,Laptop,Casual Scroller
79,26-30,Free,Laptop,Weekend Binger
80,18-21,Basic,Laptop,Casual Scroller
81,22-25,Free,TV,Weekend Binger
82,18-21,Basic,TV,Casual Scroller
83,18-21,Basic,Mobile,Casual Scroller
84,18-21,Basic,Mobile,Casual Scroller
85,26-30,Basic,Laptop,Casual Scroller
86,22-25,Premium,Mobile,Weekend Binger
87,22-25,Basic,Mobile,Premium Loyalist
88,26-30,Basic,Mobile,Weekend Binger
89,18-21,Basic,Laptop,Casual Scroller
90,26-30,Premium,Laptop,Casual Scroller
91,22-25,Basic,Laptop,Weekend Binger
92,22-25,Free,Mobile,Casual Scroller
93,18-21,Premium,Mobile,Casual Scroller
94,22-25,Basic,Mobile,Casual Scroller
95,22-25,Basic,TV,Casual Scroller
96,18-21,Free,Mobile,Casual Scroller
97,18-21,Basic,Laptop,Premium Loyalist
98,18-21,Free,TV,Casual Scroller
99,18-21,Free,Laptop,Weekend Binger
100,18-21,Free,Laptop,Weekend Binger
101,22-25,Basic,Mobile,Casual Scroller
102,18-21,Free,Laptop,Weekend Binger
103,18-21,Basic,Mobile,Casual Scroller
104,22-25,Basic,Mobile,Weekend Binger
105,18-21,Free,Laptop,Premium Loyalist
106,22-25,Basic,Mobile,Casual Scroller
107,22-25,Premium,Mobile,Weekend Binger
108,18-21,Basic,TV,Weekend Binger
109,18-21,Premium,Laptop,Weekend Binger
110,22-25,Basic,Mobile,Casual Scroller
111,22-25,Premium,Mobile,Casual Scroller
112,22-25,Basic,Mobile,Casual Scroller
113,22-25,Basic,Mobile,Casual Scroller
114,18-21,Basic,Mobile,Casual Scroller
115,18-21,Basic,Mobile,Casual Scroller
116,18-21,Basic,Mobile,Casual Scroller
117,22-25,Premium,Mobile,Weekend Binger
118,22-25,Free,Laptop,Premium Loyalist
119,22-25,Basic,TV,Casual Scroller
120,26-30,Premium,Mobile,Weekend Binger
121,22-25,Basic,Mobile,Weekend Binger
122,26-30,Basic,Mobile,Casual Scroller
123,18-21,Premium,Mobile,Casual Scroller
124,26-30,Basic,TV,Weekend Binger
125,22-25,Premium,Mobile,Weekend Binger
126,22-25,Basic,Mobile,Casual Scroller
127,22-25,Basic,Mobile,Casual Scroller
128,22-25,Free,TV,Weekend Binger
129,18-21,Basic,Mobile,Weekend Binger
130,18-21,Basic,Mobile,Premium Loyalist
131,22-25,Free,TV,Weekend Binger
132,18-21,Basic,Mobile,Weekend Binger
133,22-25,Basic,Laptop,Weekend Binger
134,22-25,Premium,Mobile,Casual Scroller
135,18-21,Basic,Laptop,Weekend Binger
136,18-21,Free,Mobile,Casual Scroller
137,22-25,Premium,Mobile,Weekend Binger
138,26-30,Basic,Mobile,Casual Scroller
139,26-30,Basic,Mobile,Weekend Binger
140,18-21,Basic,Mobile,Weekend Binger
141,22-25,Free,Laptop,Casual Scroller
142,18-21,Free,Mobile,Premium Loyalist
143,18-21,Basic,Mobile,Casual Scroller
144,26-30,Basic,Laptop,Weekend Binger
145,22-25,Premium,Mobile,Premium Loyalist
146,22-25,Premium,Laptop,Premium Loyalist
147,22-25,Basic,Mobile,Casual Scroller
148,18-21,Premium,Mobile,Weekend Binger
149,18-21,Basic,TV,Weekend Binger
150,22-25,Basic,Mobile,Weekend Binger
151,18-21,Basic,Laptop,Premium Loyalist
152,26-30,Basic,Mobile,Casual Scroller
153,22-25,Basic,Mobile,Weekend Binger
154,26-30,Premium,Mobile,Weekend Binger
155,18-21,Free,Mobile,Weekend Binger
156,26-30,Basic,Mobile,Casual Scroller
157,18-21,Basic,Mobile,Weekend Binger
158,22-25,Basic,Mobile,Premium Loyalist
159,18-21,Basic,Mobile,Weekend Binger
160,18-21,Free,Mobile,Premium Loyalist
161,18-21,Basic,Mobile,Premium Loyalist
162,18-21,Premium,Mobile,Premium Loyalist
163,22-25,Premium,Mobile,Casual Scroller
164,22-25,Premium,Laptop,Casual Scroller
165,26-30,Basic,TV,Casual Scroller
166,18-21,Premium,Laptop,Weekend Binger
167,22-25,Premium,Mobile,Weekend Binger
168,22-25,Basic,Mobile,Weekend Binger
169,22-25,Basic,Mobile,Premium Loyalist
170,26-30,Premium,Mobile,Weekend Binger
171,18-21,Basic,Mobile,Premium Loyalist
172,18-21,Basic,Laptop,Premium Loyalist
173,26-30,Free,Mobile,Casual Scroller
174,26-30,Premium,Laptop,Premium Loyalist
175,18-21,Premium,Mobile,Weekend Binger
176,18-21,Free,Mobile,Casual Scroller
177,18-21,Premium,Laptop,Weekend Binger
178,26-30,Premium,TV,Casual Scroller
179,18-21,Premium,Mobile,Casual Scroller
180,18-21,Basic,Laptop,Casual Scroller
181,26-30,Premium,Mobile,Casual Scroller
182,18-21,Basic,Mobile,Weekend Binger
183,26-30,Premium,Laptop,Casual Scroller
184,26-30,Basic,Mobile,Weekend Binger
185,18-21,Premium,Laptop,Casual Scroller
186,18-21,Free,TV,Weekend Binger
187,22-25,Basic,Mobile,Casual Scroller
188,22-25,Basic,Mobile,Premium Loyalist
189,26-30,Basic,Mobile,Casual Scroller
190,18-21,Basic,Mobile,Premium Loyalist
191,18-21,Basic,Mobile,Casual Scroller
192,22-25,Free,Mobile,Weekend Binger
193,22-25,Basic,Mobile,Casual Scroller
194,18-21,Free,TV,Casual Scroller
195,18-21,Premium,Laptop,Casual Scroller
196,18-21,Premium,Laptop,Weekend Binger
197,22-25,Premium,Mobile,Premium Loyalist
198,18-21,Basic,Mobile,Premium Loyalist
199,18-21,Premium,Laptop,Weekend Binger
200,26-30,Basic,Mobile,Casual Scroller
201,18-21,Premium,Mobile,Weekend Binger
202,18-21,Basic,Mobile,Weekend Binger
203,22-25,Basic,Mobile,Casual Scroller
204,22-25,Basic,TV,Weekend Binger
205,18-21,Premium,Laptop,Weekend Binger
206,18-21,Premium,TV,Weekend Binger
207,22-25,Free,Mobile,Weekend Binger
208,22-25,Premium,Mobile,Premium Loyalist
209,18-21,Premium,Mobile,Weekend Binger
210,22-25,Basic,Laptop,Weekend Binger
211,22-25,Premium,Mobile,Casual Scroller
212,26-30,Free,Mobile,Casual Scroller
213,18-21,Basic,Mobile,Casual Scroller
214,18-21,Premium,Laptop,Casual Scroller
215,26-30,Basic,Laptop,Weekend Binger
216,18-21,Free,Laptop,Premium Loyalist
217,18-21,Free,Mobile,Premium Loyalist
218,22-25,Free,TV,Casual Scroller
219,18-21,Premium,Mobile,Premium Loyalist
220,18-21,Premium,Laptop,Casual Scroller
221,18-21,Free,Mobile,Casual Scroller
222,18-21,Free,Mobile,Weekend Binger
223,18-21,Basic,Mobile,Casual Scroller
224,26-30,Free,TV,Weekend Binger
225,18-21,Premium,Laptop,Casual Scroller
226,18-21,Free,Mobile,Casual Scroller
227,26-30,Free,Laptop,Casual Scroller
228,18-21,Basic,Mobile,Casual Scroller
229,18-21,Basic,TV,Casual Scroller
230,22-25,Premium,Mobile,Weekend Binger
231,26-30,Basic,TV,Premium Loyalist
232,18-21,Premium,Laptop,Weekend Binger
233,18-21,Free,Mobile,Premium Loyalist
234,22-25,Free,Mobile,Premium Loyalist
235,22-25,Basic,Mobile,Casual Scroller
236,18-21,Free,TV,Casual Scroller
237,18-21,Premium,TV,Weekend Binger
238,18-21,Free,Laptop,Weekend Binger
239,22-25,Basic,TV,Casual Scroller
240,18-21,Free,Mobile,Casual Scroller
241,26-30,Basic,Mobile,Premium Loyalist
242,22-25,Free,Mobile,Premium Loyalist
243,18-21,Basic,Mobile,Casual Scroller
244,18-21,Basic,Mobile,Weekend Binger
245,22-25,Premium,Mobile,Weekend Binger
246,18-21,Basic,Mobile,Casual Scroller
247,18-21,Free,TV,Weekend Binger
248,22-25,Free,Mobile,Weekend Binger
249,18-21,Premium,Mobile,Weekend Binger
250,18-21,Free,TV,Weekend Binger
251,22-25,Free,Mobile,Casual Scroller
252,26-30,Free,Laptop,Weekend Binger
253,22-25,Premium,Mobile,Casual Scroller
254,22-25,Basic,TV,Casual Scroller
255,22-25,Free,Laptop,Casual Scroller
256,18-21,Premium,TV,Casual Scroller
257,18-21,Basic,Mobile,Casual Scroller
258,18-21,Premium,Mobile,Weekend Binger
259,26-30,Basic,Mobile,Casual Scroller
260,22-25,Basic,Mobile,Weekend Binger
261,18-21,Basic,Laptop,Weekend Binger
262,26-30,Free,Mobile,Weekend Binger
263,22-25,Premium,Laptop,Weekend Binger
264,26-30,Free,Laptop,Casual Scroller
265,22-25,Premium,Mobile,Weekend Binger
266,22-25,Premium,Laptop,Casual Scroller
267,26-30,Basic,Laptop,Weekend Binger
268,22-25,Basic,Mobile,Premium Loyalist
269,22-25,Basic,TV,Casual Scroller
270,22-25,Basic,Mobile,Casual Scroller
271,22-25,Premium,Laptop,Premium Loyalist
272,26-30,Basic,Mobile,Weekend Binger
273,26-30,Basic,TV,Weekend Binger
274,22-25,Basic,Laptop,Weekend Binger
275,22-25,Premium,Mobile,Casual Scroller
276,18-21,Basic,Laptop,Casual Scroller
277,22-25,Free,Mobile,Casual Scroller
278,22-25,Basic,Mobile,Weekend Binger
279,18-21,Free,Mobile,Casual Scroller
280,18-21,Basic,Laptop,Weekend Binger
281,26-30,Basic,Mobile,Weekend Binger
282,26-30,Basic,Laptop,Weekend Binger
283,18-21,Basic,Laptop,Weekend Binger
284,18-21,Free,Laptop,Premium Loyalist
285,22-25,Basic,Mobile,Weekend Binger
286,22-25,Basic,Mobile,Casual Scroller
287,18-21,Basic,Laptop,Casual Scroller
288,22-25,Premium,TV,Weekend Binger
289,18-21,Basic,Mobile,Weekend Binger
290,18-21,Basic,Mobile,Casual Scroller
291,22-25,Basic,Mobile,Casual Scroller
292,26-30,Premium,TV,Casual Scroller
293,18-21,Basic,Mobile,Casual Scroller
294,18-21,Free,Mobile,Weekend Binger
295,18-21,Basic,Mobile,Casual Scroller
296,22-25,Basic,Laptop,Casual Scroller
297,22-25,Free,TV,Weekend Binger
298,18-21,Free,Laptop,Casual Scroller
299,26-30,Premium,Mobile,Weekend Binger
300,18-21,Free,Mobile,Weekend Binger
301,18-21,Basic,Mobile,Premium Loyalist
302,22-25,Premium,TV,Casual Scroller
303,18-21,Basic,Laptop,Weekend Binger
304,26-30,Basic,Mobile,Casual Scroller
305,22-25,Free,Mobile,Weekend Binger
306,22-25,Free,Mobile,Casual Scroller
307,26-30,Basic,Mobile,Premium Loyalist
308,22-25,Premium,Mobile,Casual Scroller
309,22-25,Basic,Mobile,Premium Loyalist
310,22-25,Basic,Mobile,Premium Loyalist
311,22-25,Free,Laptop,Weekend Binger
312,22-25,Basic,Mobile,Casual Scroller
313,18-21,Basic,Laptop,Weekend Binger
314,18-21,Free,Mobile,Casual Scroller
315,18-21,Premium,Laptop,Weekend Binger
316,22-25,Basic,Mobile,Premium Loyalist
317,22-25,Basic,Laptop,Weekend Binger
318,18-21,Basic,Mobile,Weekend Binger
319,22-25,Basic,Mobile,Weekend Binger
320,18-21,Basic,Laptop,Weekend Binger
321,18-21,Premium,Laptop,Casual Scroller
322,22-25,Basic,Mobile,Casual Scroller
323,18-21,Premium,Mobile,Casual Scroller
324,18-21,Free,Mobile,Weekend Binger
325,18-21,Basic,Laptop,Premium Loyalist
326,26-30,Premium,Mobile,Weekend Binger
327,18-21,Basic,Laptop,Casual Scroller
328,18-21,Basic,Laptop,Casual Scroller
329,22-25,Basic,TV,Casual Scroller
330,18-21,Basic,TV,Casual Scroller
331,18-21,Basic,Mobile,Casual Scroller
332,18-21,Free,Mobile,Casual Scroller
333,22-25,Premium,Laptop,Weekend Binger
334,18-21,Premium,Mobile,Casual Scroller
335,26-30,Premium,Mobile,Premium Loyalist
336,26-30,Free,Laptop,Casual Scroller
337,26-30,Basic,Mobile,Weekend Binger
338,22-25,Free,Mobile,Weekend Binger
339,26-30,Basic,Laptop,Casual Scroller
340,18-21,Basic,Mobile,Weekend Binger
341,22-25,Basic,Mobile,Casual Scroller
342,22-25,Basic,Mobile,Casual Scroller
343,18-21,Premium,Mobile,Premium Loyalist
344,18-21,Premium,Mobile,Weekend Binger
345,22-25,Premium,Mobile,Weekend Binger
346,26-30,Basic,Mobile,Premium Loyalist
347,22-25,Free,Mobile,Premium Loyalist
348,18-21,Basic,Laptop,Weekend Binger
349,26-30,Basic,Mobile,Casual Scroller
350,18-21,Basic,Mobile,Premium Loyalist
351,22-25,Free,Mobile,Casual Scroller
352,22-25,Premium,Mobile,Premium Loyalist
353,22-25,Basic,Mobile,Premium Loyalist
354,18-21,Free,Laptop,Weekend Binger
355,26-30,Basic,Laptop,Weekend Binger
356,18-21,Basic,Laptop,Weekend Binger
357,26-30,Basic,Laptop,Casual Scroller
358,26-30,Basic,Mobile,Premium Loyalist
359,18-21,Basic,Mobile,Casual Scroller
360,26-30,Free,TV,Casual Scroller
361,18-21,Basic,Laptop,Casual Scroller
362,22-25,Basic,Mobile,Weekend Binger
363,18-21,Premium,Mobile,Premium Loyalist
364,26-30,Premium,Mobile,Casual Scroller
365,22-25,Basic,Mobile,Casual Scroller
366,22-25,Premium,TV,Premium Loyalist
367,18-21,Basic,Mobile,Premium Loyalist
368,18-21,Premium,Mobile,Weekend Binger
369,18-21,Free,Mobile,Casual Scroller
370,22-25,Premium,Mobile,Casual Scroller
371,22-25,Basic,Mobile,Weekend Binger
372,26-30,Basic,Mobile,Casual Scroller
373,18-21,Basic,Mobile,Weekend Binger
374,26-30,Basic,Laptop,Weekend Binger
375,26-30,Premium,Laptop,Weekend Binger
376,22-25,Basic,Mobile,Premium Loyalist
377,22-25,Premium,Mobile,Weekend Binger
378,22-25,Premium,Laptop,Weekend Binger
379,18-21,Free,Mobile,Premium Loyalist
380,18-21,Basic,Mobile,Casual Scroller
381,18-21,Basic,Mobile,Weekend Binger
382,22-25,Premium,Laptop,Weekend Binger
383,26-30,Premium,Laptop,Weekend Binger
384,18-21,Basic,Mobile,Casual Scroller
385,22-25,Basic,Mobile,Weekend Binger
386,22-25,Premium,Mobile,Weekend Binger
387,22-25,Premium,TV,Casual Scroller
388,18-21,Basic,Mobile,Casual Scroller
389,26-30,Free,Laptop,Premium Loyalist
390,18-21,Basic,Laptop,Casual Scroller
391,18-21,Basic,TV,Casual Scroller
392,18-21,Free,Mobile,Premium Loyalist
393,18-21,Premium,Mobile,Casual Scroller
394,18-21,Free,Mobile,Casual Scroller
395,18-21,Basic,TV,Casual Scroller
396,22-25,Free,Mobile,Weekend Binger
397,18-21,Premium,Laptop,Casual Scroller
398,26-30,Basic,Mobile,Casual Scroller
399,18-21,Basic,TV,Weekend Binger
400,26-30,Basic,Mobile,Premium Loyalist
401,18-21,Basic,Mobile,Casual Scroller
402,22-25,Basic,Laptop,Casual Scroller
403,18-21,Basic,Laptop,Premium Loyalist
404,18-21,Basic,Mobile,Weekend Binger
405,22-25,Basic,Mobile,Weekend Binger
406,18-21,Basic,Laptop,Weekend Binger
407,22-25,Free,Laptop,Casual Scroller
408,22-25,Basic,Laptop,Casual Scroller
409,22-25,Premium,Mobile,Premium Loyalist
410,18-21,Premium,Mobile,Casual Scroller
411,18-21,Premium,TV,Casual Scroller
412,22-25,Basic,Mobile,Casual Scroller
413,18-21,Basic,Mobile,Casual Scroller
414,22-25,Premium,Mobile,Weekend Binger
415,18-21,Basic,Mobile,Casual Scroller
416,22-25,Free,Laptop,Weekend Binger
417,18-21,Premium,Mobile,Weekend Binger
418,22-25,Free,TV,Premium Loyalist
419,18-21,Basic,TV,Weekend Binger
420,18-21,Premium,Mobile,Weekend Binger
421,18-21,Basic,Laptop,Weekend Binger
422,22-25,Free,Mobile,Casual Scroller
423,18-21,Free,Laptop,Weekend Binger
424,22-25,Free,Laptop,Casual Scroller
425,22-25,Basic,Mobile,Weekend Binger
426,22-25,Basic,Mobile,Casual Scroller
427,22-25,Free,Mobile,Casual Scroller
428,18-21,Basic,Laptop,Weekend Binger
429,18-21,Basic,Mobile,Premium Loyalist
430,26-30,Free,Mobile,Casual Scroller
431,18-21,Basic,TV,Weekend Binger
432,22-25,Premium,Laptop,Weekend Binger
433,22-25,Premium,Laptop,Weekend Binger
434,18-21,Free,Mobile,Weekend Binger
435,22-25,Premium,TV,Casual Scroller
436,18-21,Premium,Laptop,Weekend Binger
437,18-21,Free,Mobile,Premium Loyalist
438,26-30,Basic,Mobile,Casual Scroller
439,18-21,Basic,Mobile,Weekend Binger
440,18-21,Basic,Mobile,Weekend Binger
441,22-25,Free,Mobile,Weekend Binger
442,18-21,Free,Mobile,Weekend Binger
443,18-21,Basic,Mobile,Casual Scroller
444,18-21,Basic,Laptop,Premium Loyalist
445,22-25,Premium,TV,Weekend Binger
446,18-21,Basic,Mobile,Weekend Binger
447,22-25,Premium,Mobile,Casual Scroller
448,26-30,Basic,Laptop,Weekend Binger
449,18-21,Premium,Mobile,Weekend Binger
450,26-30,Basic,Mobile,Premium Loyalist
451,22-25,Premium,Laptop,Casual Scroller
452,18-21,Basic,TV,Casual Scroller
453,22-25,Basic,Mobile,Casual Scroller
454,22-25,Free,TV,Weekend Binger
455,18-21,Free,Laptop,Premium Loyalist
456,22-25,Basic,TV,Weekend Binger
457,18-21,Premium,TV,Weekend Binger
458,22-25,Basic,Mobile,Weekend Binger
459,26-30,Basic,Laptop,Weekend Binger
460,22-25,Premium,Mobile,Weekend Binger
461,22-25,Free,Mobile,Casual Scroller
462,18-21,Basic,Mobile,Weekend Binger
463,18-21,Basic,TV,Weekend Binger
464,18-21,Basic,Mobile,Casual Scroller
465,22-25,Premium,Mobile,Premium Loyalist
466,22-25,Premium,Mobile,Weekend Binger
467,18-21,Premium,Laptop,Casual Scroller
468,18-21,Premium,Mobile,Weekend Binger
469,22-25,Basic,Mobile,Weekend Binger
470,18-21,Basic,TV,Casual Scroller
471,22-25,Basic,Mobile,Premium Loyalist
472,18-21,Basic,Laptop,Casual Scroller
473,18-21,Free,Mobile,Premium Loyalist
474,22-25,Basic,Mobile,Weekend Binger
475,26-30,Basic,Mobile,Casual Scroller
476,22-25,Premium,Mobile,Weekend Binger
477,18-21,Premium,Mobile,Casual Scroller
478,26-30,Basic,TV,Weekend Binger
479,18-21,Premium,Mobile,Weekend Binger
480,18-21,Premium,Mobile,Premium Loyalist
481,18-21,Premium,Mobile,Weekend Binger
482,22-25,Free,Mobile,Weekend Binger
483,22-25,Premium,Mobile,Weekend Binger
484,22-25,Free,Laptop,Weekend Binger
485,18-21,Premium,Mobile,Casual Scroller
486,18-21,Premium,Mobile,Casual Scroller
487,18-21,Premium,Mobile,Premium Loyalist
488,22-25,Basic,TV,Premium Loyalist
489,26-30,Premium,Mobile,Weekend Binger
490,22-25,Basic,Laptop,Weekend Binger
491,22-25,Basic,Mobile,Weekend Binger
492,22-25,Basic,Laptop,Casual Scroller
493,18-21,Basic,Laptop,Weekend Binger
494,18-21,Premium,Mobile,Casual Scroller
495,26-30,Free,Laptop,Casual Scroller
496,18-21,Premium,Mobile,Casual Scroller
497,22-25,Premium,Mobile,Casual Scroller
498,18-21,Basic,Mobile,Premium Loyalist
499,26-30,Basic,Mobile,Casual Scroller
500,26-30,Premium,Laptop,Casual Scroller
501,18-21,Free,Laptop,Casual Scroller
502,18-21,Premium,Mobile,Casual Scroller
503,22-25,Premium,Mobile,Premium Loyalist
504,18-21,Basic,Laptop,Casual Scroller
505,22-25,Basic,Laptop,Casual Scroller
506,18-21,Free,Mobile,Casual Scroller
507,18-21,Premium,Laptop,Casual Scroller
508,22-25,Premium,Laptop,Casual Scroller
509,18-21,Basic,Mobile,Casual Scroller
510,22-25,Basic,Mobile,Casual Scroller
511,22-25,Basic,Laptop,Weekend Binger
512,18-21,Basic,Mobile,Weekend Binger
513,18-21,Premium,Mobile,Weekend Binger
514,18-21,Basic,Mobile,Weekend Binger
515,18-21,Basic,Mobile,Weekend Binger
516,18-21,Basic,Mobile,Premium Loyalist
517,26-30,Premium,Mobile,Weekend Binger
518,18-21,Basic,Mobile,Casual Scroller
519,18-21,Basic,TV,Premium Loyalist
520,18-21,Basic,Mobile,Weekend Binger
521,26-30,Basic,Laptop,Weekend Binger
522,26-30,Free,Laptop,Premium Loyalist
523,18-21,Premium,Mobile,Premium Loyalist
524,26-30,Basic,TV,Premium Loyalist
525,22-25,Free,Mobile,Premium Loyalist
526,22-25,Premium,Mobile,Premium Loyalist
527,26-30,Basic,Mobile,Casual Scroller
528,18-21,Free,TV,Premium Loyalist
529,18-21,Free,Mobile,Casual Scroller
530,18-21,Free,Mobile,Weekend Binger
531,18-21,Premium,Laptop,Weekend Binger
532,18-21,Basic,Mobile,Casual Scroller
533,22-25,Basic,Laptop,Weekend Binger
534,18-21,Basic,TV,Weekend Binger
535,22-25,Basic,Mobile,Casual Scroller
536,18-21,Basic,Laptop,Weekend Binger
537,18-21,Basic,Mobile,Casual Scroller
538,22-25,Premium,TV,Weekend Binger
539,18-21,Basic,Laptop,Premium Loyalist
540,22-25,Basic,TV,Premium Loyalist
541,22-25,Basic,Mobile,Casual Scroller
542,18-21,Free,Laptop,Casual Scroller
543,18-21,Basic,Mobile,Casual Scroller
544,26-30,Premium,Laptop,Casual Scroller
545,18-21,Basic,Laptop,Premium Loyalist
546,18-21,Basic,TV,Weekend Binger
547,18-21,Premium,Mobile,Weekend Binger
548,18-21,Premium,Mobile,Casual Scroller
549,26-30,Free,TV,Weekend Binger
550,18-21,Free,Laptop,Weekend Binger
551,22-25,Free,Laptop,Weekend Binger
552,22-25,Basic,Mobile,Premium Loyalist
553,18-21,Premium,Mobile,Weekend Binger
554,18-21,Premium,Mobile,Weekend Binger
555,22-25,Basic,Mobile,Weekend Binger
556,18-21,Premium,TV,Casual Scroller
557,22-25,Basic,Laptop,Weekend Binger
558,22-25,Basic,TV,Casual Scroller
559,22-25,Basic,Mobile,Casual Scroller
560,18-21,Free,TV,Casual Scroller
561,26-30,Basic,Mobile,Casual Scroller
562,22-25,Basic,Mobile,Weekend Binger
563,18-21,Premium,Laptop,Weekend Binger
564,18-21,Basic,Laptop,Premium Loyalist
565,18-21,Premium,Laptop,Weekend Binger
566,18-21,Basic,Mobile,Casual Scroller
567,22-25,Premium,Laptop,Casual Scroller
568,22-25,Basic,Mobile,Casual Scroller
569,18-21,Basic,TV,Premium Loyalist
570,26-30,Basic,Mobile,Casual Scroller
571,18-21,Basic,TV,Casual Scroller
572,18-21,Premium,Laptop,Casual Scroller
573,22-25,Basic,Mobile,Casual Scroller
574,22-25,Free,Mobile,Casual Scroller
575,18-21,Premium,Mobile,Weekend Binger
576,22-25,Basic,Mobile,Casual Scroller
577,22-25,Basic,Laptop,Weekend Binger
578,18-21,Premium,TV,Weekend Binger
579,22-25,Premium,TV,Weekend Binger
580,26-30,Premium,Mobile,Casual Scroller
581,18-21,Premium,Laptop,Casual Scroller
582,18-21,Premium,Mobile,Casual Scroller
583,26-30,Free,Mobile,Weekend Binger
584,22-25,Basic,Mobile,Weekend Binger
585,18-21,Basic,Mobile,Casual Scroller
586,18-21,Basic,Mobile,Weekend Binger
587,22-25,Basic,Mobile,Casual Scroller
588,18-21,Premium,Mobile,Weekend Binger
589,18-21,Basic,Laptop,Weekend Binger
590,22-25,Basic,Laptop,Premium Loyalist
591,18-21,Free,Mobile,Casual Scroller
592,26-30,Basic,Mobile,Casual Scroller
593,22-25,Free,Laptop,Weekend Binger
594,18-21,Free,Mobile,Casual Scroller
595,26-30,Basic,Mobile,Weekend Binger
596,22-25,Premium,Laptop,Premium Loyalist
597,22-25,Free,Laptop,Weekend Binger
598,18-21,Basic,TV,Premium Loyalist
599,26-30,Basic,Laptop,Casual Scroller
600,18-21,Premium,TV,Premium Loyalist
601,18-21,Premium,Mobile,Casual Scroller
602,18-21,Premium,Laptop,Weekend Binger
603,22-25,Premium,Laptop,Casual Scroller
604,26-30,Basic,Mobile,Casual Scroller
605,18-21,Basic,Laptop,Casual Scroller
606,22-25,Premium,Mobile,Weekend Binger
607,22-25,Basic,Mobile,Casual Scroller
608,22-25,Basic,Mobile,Casual Scroller
609,18-21,Basic,Mobile,Casual Scroller
610,18-21,Basic,Mobile,Weekend Binger
611,18-21,Basic,Mobile,Weekend Binger
612,18-21,Basic,Mobile,Weekend Binger
613,22-25,Basic,Laptop,Casual Scroller
614,22-25,Premium,Mobile,Weekend Binger
615,18-21,Basic,Mobile,Casual Scroller
616,18-21,Free,TV,Weekend Binger
617,22-25,Premium,Mobile,Weekend Binger
618,18-21,Basic,Mobile,Weekend Binger
619,18-21,Premium,Mobile,Casual Scroller
620,22-25,Free,Laptop,Weekend Binger
621,26-30,Premium,Mobile,Premium Loyalist
622,18-21,Basic,Mobile,Weekend Binger
623,22-25,Basic,Laptop,Weekend Binger
624,18-21,Premium,Laptop,Casual Scroller
625,18-21,Premium,Mobile,Casual Scroller
626,26-30,Premium,Mobile,Weekend Binger
627,18-21,Basic,Mobile,Weekend Binger
628,18-21,Basic,TV,Weekend Binger
629,18-21,Basic,Mobile,Premium Loyalist
630,18-21,Basic,Mobile,Casual Scroller
631,22-25,Basic,TV,Weekend Binger
632,18-21,Basic,Mobile,Casual Scroller
633,18-21,Basic,Mobile,Casual Scroller
634,26-30,Basic,Mobile,Casual Scroller
635,18-21,Free,TV,Casual Scroller
636,22-25,Basic,Mobile,Casual Scroller
637,18-21,Basic,Laptop,Casual Scroller
638,18-21,Basic,Mobile,Weekend Binger
639,26-30,Basic,Mobile,Weekend Binger
640,18-21,Premium,Laptop,Weekend Binger
641,18-21,Free,Mobile,Casual Scroller
642,18-21,Free,TV,Weekend Binger
643,18-21,Basic,Mobile,Weekend Binger
644,26-30,Premium,Mobile,Casual Scroller
645,18-21,Premium,Mobile,Weekend Binger
646,22-25,Premium,Mobile,Casual Scroller
647,18-21,Basic,Mobile,Weekend Binger
648,22-25,Basic,Mobile,Premium Loyalist
649,26-30,Free,Laptop,Weekend Binger
650,18-21,Premium,Mobile,Weekend Binger
651,26-30,Free,Laptop,Casual Scroller
652,18-21,Free,Laptop,Weekend Binger
653,22-25,Basic,Mobile,Casual Scroller
654,18-21,Basic,TV,Casual Scroller
655,22-25,Basic,Laptop,Weekend Binger
656,22-25,Free,Mobile,Weekend Binger
657,18-21,Basic,Mobile,Casual Scroller
658,18-21,Basic,Mobile,Premium Loyalist
659,22-25,Basic,Mobile,Casual Scroller
660,18-21,Premium,TV,Weekend Binger
661,18-21,Premium,TV,Casual Scroller
662,18-21,Basic,Mobile,Weekend Binger
663,22-25,Premium,Mobile,Casual Scroller
664,18-21,Premium,Mobile,Weekend Binger
665,18-21,Basic,Laptop,Weekend Binger
666,22-25,Basic,Laptop,Casual Scroller
667,22-25,Free,Mobile,Casual Scroller
668,26-30,Free,Laptop,Premium Loyalist
669,18-21,Free,Mobile,Casual Scroller
670,18-21,Basic,Mobile,Premium Loyalist
671,22-25,Free,Mobile,Casual Scroller
672,22-25,Premium,Mobile,Casual Scroller
673,22-25,Premium,Laptop,Casual Scroller
674,22-25,Premium,Mobile,Weekend Binger
675,18-21,Basic,Mobile,Weekend Binger
676,26-30,Premium,TV,Weekend Binger
677,22-25,Premium,Laptop,Premium Loyalist
678,18-21,Premium,Mobile,Weekend Binger
679,18-21,Basic,Mobile,Weekend Binger
680,22-25,Basic,Mobile,Weekend Binger
681,18-21,Premium,TV,Weekend Binger
682,22-25,Basic,Mobile,Premium Loyalist
683,18-21,Basic,Mobile,Weekend Binger
684,18-21,Basic,Mobile,Weekend Binger
685,22-25,Basic,Laptop,Casual Scroller
686,18-21,Basic,TV,Premium Loyalist
687,22-25,Premium,Mobile,Weekend Binger
688,18-21,Free,Mobile,Weekend Binger
689,22-25,Basic,Mobile,Weekend Binger
690,26-30,Premium,Mobile,Weekend Binger
691,22-25,Premium,Laptop,Weekend Binger
692,18-21,Basic,Mobile,Casual Scroller
693,18-21,Basic,Mobile,Casual Scroller
694,18-21,Basic,Mobile,Casual Scroller
695,18-21,Premium,Mobile,Casual Scroller
696,26-30,Premium,Mobile,Weekend Binger
697,22-25,Basic,Laptop,Casual Scroller
698,18-21,Basic,TV,Weekend Binger
699,18-21,Free,Mobile,Casual Scroller
700,22-25,Basic,Mobile,Casual Scroller
701,18-21,Basic,Mobile,Premium Loyalist
702,18-21,Basic,Mobile,Casual Scroller
703,22-25,Basic,Laptop,Premium Loyalist
704,22-25,Free,TV,Premium Loyalist
705,26-30,Premium,Mobile,Casual Scroller
706,26-30,Basic,Mobile,Weekend Binger
707,22-25,Basic,Laptop,Weekend Binger
708,22-25,Premium,Mobile,Premium Loyalist
709,18-21,Basic,Mobile,Weekend Binger
710,22-25,Basic,Mobile,Premium Loyalist
711,18-21,Free,Mobile,Weekend Binger
712,26-30,Premium,Mobile,Weekend Binger
713,26-30,Free,Mobile,Casual Scroller
714,22-25,Basic,Laptop,Premium Loyalist
715,22-25,Free,Mobile,Weekend Binger
716,22-25,Basic,TV,Premium Loyalist
717,22-25,Premium,Laptop,Weekend Binger
718,22-25,Free,TV,Weekend Binger
719,22-25,Premium,Laptop,Weekend Binger
720,22-25,Premium,Mobile,Casual Scroller
721,26-30,Free,Laptop,Casual Scroller
722,18-21,Premium,Mobile,Casual Scroller
723,22-25,Basic,Mobile,Casual Scroller
724,22-25,Basic,Laptop,Weekend Binger
725,22-25,Basic,Laptop,Casual Scroller
726,18-21,Free,Mobile,Casual Scroller
727,22-25,Premium,Mobile,Weekend Binger
728,18-21,Free,Mobile,Casual Scroller
729,22-25,Basic,Laptop,Casual Scroller
730,26-30,Basic,Mobile,Premium Loyalist
731,22-25,Basic,Mobile,Weekend Binger
732,18-21,Basic,Mobile,Weekend Binger
733,26-30,Premium,Mobile,Premium Loyalist
734,18-21,Basic,Mobile,Casual Scroller
735,22-25,Basic,Laptop,Casual Scroller
736,18-21,Basic,TV,Weekend Binger
737,18-21,Basic,TV,Casual Scroller
738,18-21,Basic,Mobile,Weekend Binger
739,22-25,Basic,Mobile,Premium Loyalist
740,18-21,Basic,TV,Weekend Binger
741,18-21,Basic,Mobile,Casual Scroller
742,22-25,Basic,TV,Casual Scroller
743,18-21,Basic,Laptop,Casual Scroller
744,18-21,Basic,Mobile,Weekend Binger
745,18-21,Premium,Mobile,Premium Loyalist
746,22-25,Basic,Mobile,Premium Loyalist
747,26-30,Premium,Mobile,Casual Scroller
748,22-25,Premium,Mobile,Weekend Binger
749,22-25,Free,Laptop,Weekend Binger
750,18-21,Premium,Mobile,Casual Scroller
751,18-21,Free,Laptop,Weekend Binger
752,18-21,Basic,Mobile,Casual Scroller
753,18-21,Premium,Mobile,Casual Scroller
754,22-25,Premium,Mobile,Casual Scroller
755,22-25,Premium,Mobile,Weekend Binger
756,26-30,Premium,Mobile,Weekend Binger
757,18-21,Free,Mobile,Premium Loyalist
758,22-25,Premium,Mobile,Casual Scroller
759,18-21,Free,Mobile,Casual Scroller
760,26-30,Free,Mobile,Weekend Binger
761,22-25,Premium,Mobile,Weekend Binger
762,26-30,Basic,Mobile,Weekend Binger
763,18-21,Premium,Mobile,Casual Scroller
764,22-25,Premium,Laptop,Weekend Binger
765,18-21,Premium,Mobile,Casual Scroller
766,22-25,Premium,Mobile,Premium Loyalist
767,18-21,Premium,Mobile,Weekend Binger
768,26-30,Basic,Mobile,Casual Scroller
769,22-25,Premium,Mobile,Casual Scroller
770,22-25,Basic,TV,Weekend Binger
771,22-25,Premium,Laptop,Casual Scroller
772,18-21,Basic,TV,Casual Scroller
773,18-21,Basic,TV,Weekend Binger
774,22-25,Premium,TV,Casual Scroller
775,18-21,Basic,TV,Casual Scroller
776,18-21,Premium,Mobile,Casual Scroller
777,22-25,Basic,TV,Casual Scroller
778,26-30,Premium,Laptop,Casual Scroller
779,22-25,Premium,Mobile,Weekend Binger
780,18-21,Basic,Mobile,Casual Scroller
781,26-30,Premium,Mobile,Casual Scroller
782,26-30,Premium,Mobile,Casual Scroller
783,22-25,Premium,Mobile,Casual Scroller
784,18-21,Basic,Mobile,Casual Scroller
785,18-21,Basic,Mobile,Premium Loyalist
786,26-30,Basic,Laptop,Weekend Binger
787,18-21,Premium,TV,Weekend Binger
788,22-25,Basic,Mobile,Casual Scroller
789,18-21,Premium,Mobile,Premium Loyalist
790,22-25,Premium,Mobile,Casual Scroller
791,18-21,Premium,Mobile,Premium Loyalist
792,18-21,Basic,TV,Weekend Binger
793,18-21,Basic,Mobile,Casual Scroller
794,18-21,Basic,TV,Casual Scroller
795,18-21,Free,Laptop,Casual Scroller
796,18-21,Premium,Mobile,Premium Loyalist
797,22-25,Basic,TV,Premium Loyalist
798,26-30,Basic,Mobile,Weekend Binger
799,22-25,Basic,Mobile,Weekend Binger
800,22-25,Basic,Mobile,Weekend Binger
801,26-30,Free,Mobile,Casual Scroller
802,18-21,Premium,Mobile,Casual Scroller
803,22-25,Free,Mobile,Weekend Binger
804,22-25,Premium,Laptop,Premium Loyalist
805,26-30,Basic,Mobile,Premium Loyalist
806,22-25,Basic,Mobile,Casual Scroller
807,18-21,Basic,Laptop,Casual Scroller
808,22-25,Premium,Mobile,Casual Scroller
809,18-21,Premium,Mobile,Weekend Binger
810,26-30,Premium,Mobile,Weekend Binger
811,18-21,Free,Mobile,Weekend Binger
812,18-21,Basic,Mobile,Casual Scroller
813,18-21,Premium,Mobile,Casual Scroller
814,18-21,Basic,TV,Weekend Binger
815,26-30,Basic,Laptop,Casual Scroller
816,22-25,Premium,Mobile,Weekend Binger
817,22-25,Premium,Laptop,Weekend Binger
818,18-21,Premium,Mobile,Weekend Binger
819,22-25,Basic,Mobile,Casual Scroller
820,26-30,Premium,Mobile,Weekend Binger
821,22-25,Free,Laptop,Casual Scroller
822,22-25,Premium,Mobile,Weekend Binger
823,22-25,Free,Mobile,Weekend Binger
824,18-21,Basic,Mobile,Casual Scroller
825,18-21,Free,Mobile,Premium Loyalist
826,22-25,Premium,TV,Weekend Binger
827,22-25,Premium,TV,Weekend Binger
828,22-25,Basic,Mobile,Weekend Binger
829,22-25,Premium,TV,Premium Loyalist
830,22-25,Premium,Mobile,Casual Scroller
831,18-21,Basic,Mobile,Weekend Binger
832,18-21,Basic,Laptop,Casual Scroller
833,22-25,Free,Laptop,Premium Loyalist
834,18-21,Premium,Laptop,Premium Loyalist
835,18-21,Basic,Mobile,Casual Scroller
836,22-25,Basic,Mobile,Casual Scroller
837,22-25,Premium,Mobile,Weekend Binger
838,18-21,Basic,Mobile,Weekend Binger
839,22-25,Basic,Mobile,Casual Scroller
840,22-25,Free,Mobile,Casual Scroller
841,18-21,Free,Mobile,Casual Scroller
842,22-25,Basic,Mobile,Premium Loyalist
843,18-21,Premium,Mobile,Casual Scroller
844,18-21,Free,Mobile,Casual Scroller
845,18-21,Basic,Mobile,Weekend Binger
846,18-21,Basic,Mobile,Weekend Binger
847,22-25,Free,Laptop,Casual Scroller
848,22-25,Premium,Mobile,Casual Scroller
849,18-21,Basic,Laptop,Casual Scroller
850,22-25,Basic,Mobile,Casual Scroller
851,18-21,Basic,Laptop,Weekend Binger
852,26-30,Basic,Mobile,Casual Scroller
853,22-25,Free,Mobile,Casual Scroller
854,18-21,Basic,Laptop,Casual Scroller
855,22-25,Free,Laptop,Casual Scroller
856,18-21,Free,Mobile,Casual Scroller
857,18-21,Basic,Mobile,Weekend Binger
858,18-21,Premium,Mobile,Casual Scroller
859,22-25,Basic,Mobile,Premium Loyalist
860,22-25,Basic,Mobile,Weekend Binger
861,26-30,Basic,Laptop,Weekend Binger
862,26-30,Basic,TV,Weekend Binger
863,22-25,Basic,Mobile,Weekend Binger
864,26-30,Free,Laptop,Casual Scroller
865,22-25,Basic,TV,Casual Scroller
866,22-25,Free,TV,Casual Scroller
867,18-21,Free,Mobile,Casual Scroller
868,18-21,Basic,Laptop,Casual Scroller
869,18-21,Basic,Laptop,Weekend Binger
870,26-30,Basic,Mobile,Weekend Binger
871,22-25,Basic,Mobile,Weekend Binger
872,18-21,Basic,Mobile,Casual Scroller
873,26-30,Basic,Mobile,Weekend Binger
874,18-21,Premium,Laptop,Weekend Binger
875,18-21,Premium,Mobile,Weekend Binger
876,18-21,Premium,TV,Weekend Binger
877,22-25,Basic,Laptop,Casual Scroller
878,18-21,Basic,Mobile,Weekend Binger
879,18-21,Premium,Mobile,Premium Loyalist
880,22-25,Premium,Laptop,Casual Scroller
881,22-25,Basic,TV,Premium Loyalist
882,26-30,Premium,Mobile,Casual Scroller
883,18-21,Basic,Mobile,Casual Scroller
884,18-21,Free,Laptop,Weekend Binger
885,26-30,Free,TV,Casual Scroller
886,22-25,Basic,Mobile,Casual Scroller
887,26-30,Premium,Mobile,Casual Scroller
888,22-25,Free,Laptop,Premium Loyalist
889,22-25,Basic,Mobile,Premium Loyalist
890,18-21,Premium,Mobile,Weekend Binger
891,26-30,Basic,Laptop,Weekend Binger
892,18-21,Free,Mobile,Casual Scroller
893,18-21,Free,Mobile,Weekend Binger
894,22-25,Premium,Mobile,Casual Scroller
895,26-30,Basic,Mobile,Casual Scroller
896,18-21,Basic,Mobile,Casual Scroller
897,18-21,Basic,Mobile,Weekend Binger
898,26-30,Basic,TV,Weekend Binger
899,18-21,Basic,Laptop,Casual Scroller
900,22-25,Basic,TV,Casual Scroller
901,18-21,Basic,TV,Weekend Binger
902,22-25,Basic,Mobile,Weekend Binger
903,22-25,Basic,Mobile,Premium Loyalist
904,18-21,Basic,Mobile,Casual Scroller
905,18-21,Basic,Mobile,Weekend Binger
906,18-21,Premium,Laptop,Weekend Binger
907,26-30,Premium,Mobile,Premium Loyalist
908,18-21,Premium,Mobile,Premium Loyalist
909,18-21,Basic,Laptop,Casual Scroller
910,18-21,Basic,Mobile,Casual Scroller
911,18-21,Basic,TV,Weekend Binger
912,18-21,Basic,TV,Weekend Binger
913,22-25,Free,TV,Weekend Binger
914,18-21,Basic,Laptop,Weekend Binger
915,18-21,Basic,Laptop,Casual Scroller
916,18-21,Basic,Mobile,Weekend Binger
917,18-21,Basic,Mobile,Weekend Binger
918,18-21,Premium,Mobile,Premium Loyalist
919,18-21,Premium,Mobile,Weekend Binger
920,26-30,Premium,Mobile,Casual Scroller
921,22-25,Basic,Mobile,Premium Loyalist
922,26-30,Free,TV,Weekend Binger
923,22-25,Basic,Mobile,Weekend Binger
924,18-21,Free,Mobile,Casual Scroller
925,18-21,Free,Mobile,Casual Scroller
926,26-30,Basic,Mobile,Weekend Binger
927,18-21,Basic,Mobile,Casual Scroller
928,18-21,Basic,Laptop,Weekend Binger
929,26-30,Premium,TV,Weekend Binger
930,22-25,Premium,Mobile,Weekend Binger
931,18-21,Basic,Mobile,Casual Scroller
932,18-21,Free,Laptop,Casual Scroller
933,18-21,Basic,Mobile,Casual Scroller
934,18-21,Basic,Mobile,Casual Scroller
935,22-25,Free,Mobile,Casual Scroller
936,22-25,Premium,Mobile,Weekend Binger
937,18-21,Basic,TV,Weekend Binger
938,22-25,Free,Laptop,Weekend Binger
939,18-21,Basic,Mobile,Premium Loyalist
940,18-21,Basic,Laptop,Weekend Binger
941,22-25,Premium,TV,Weekend Binger
942,18-21,Basic,Laptop,Weekend Binger
943,22-25,Premium,Mobile,Casual Scroller
944,18-21,Basic,Laptop,Casual Scroller
945,22-25,Premium,Mobile,Weekend Binger
946,22-25,Premium,Mobile,Casual Scroller
947,26-30,Basic,Mobile,Casual Scroller
948,22-25,Premium,Laptop,Casual Scroller
949,22-25,Basic,Mobile,Weekend Binger
950,26-30,Free,Laptop,Casual Scroller
951,18-21,Basic,Mobile,Premium Loyalist
952,22-25,Free,Mobile,Casual Scroller
953,18-21,Basic,Mobile,Casual Scroller
954,26-30,Premium,Mobile,Premium Loyalist
955,18-21,Basic,Mobile,Premium Loyalist
956,22-25,Basic,TV,Casual Scroller
957,18-21,Basic,Mobile,Weekend Binger
958,26-30,Basic,Mobile,Premium Loyalist
959,18-21,Basic,Mobile,Weekend Binger
960,22-25,Basic,Mobile,Casual Scroller
961,26-30,Basic,Mobile,Casual Scroller
962,22-25,Premium,TV,Weekend Binger
963,18-21,Free,Mobile,Weekend Binger
964,18-21,Basic,Mobile,Premium Loyalist
965,18-21,Basic,Laptop,Premium Loyalist
966,18-21,Basic,Laptop,Weekend Binger
967,26-30,Premium,Mobile,Weekend Binger
968,26-30,Premium,Laptop,Casual Scroller
969,18-21,Premium,Mobile,Weekend Binger
970,26-30,Premium,Laptop,Weekend Binger
971,18-21,Premium,Laptop,Casual Scroller
972,18-21,Premium,Mobile,Casual Scroller
973,26-30,Free,Mobile,Weekend Binger
974,18-21,Basic,Mobile,Casual Scroller
975,22-25,Premium,Mobile,Weekend Binger
976,26-30,Free,Laptop,Casual Scroller
977,26-30,Free,Mobile,Casual Scroller
978,18-21,Free,Mobile,Weekend Binger
979,18-21,Premium,TV,Premium Loyalist
980,18-21,Premium,Laptop,Casual Scroller
981,18-21,Premium,Mobile,Premium Loyalist
982,18-21,Premium,Laptop,Casual Scroller
983,22-25,Free,TV,Weekend Binger
984,18-21,Premium,Mobile,Weekend Binger
985,22-25,Basic,TV,Premium Loyalist
986,22-25,Basic,Laptop,Weekend Binger
987,18-21,Free,Mobile,Premium Loyalist
988,22-25,Basic,TV,Premium Loyalist
989,18-21,Basic,Mobile,Premium Loyalist
990,22-25,Free,Laptop,Weekend Binger
991,18-21,Premium,Mobile,Weekend Binger
992,26-30,Basic,Mobile,Premium Loyalist
993,22-25,Premium,TV,Weekend Binger
994,22-25,Basic,Mobile,Casual Scroller
995,18-21,Basic,Laptop,Premium Loyalist
996,26-30,Basic,Mobile,Casual Scroller
997,18-21,Premium,Mobile,Casual Scroller
998,18-21,Basic,Laptop,Weekend Binger
999,18-21,Free,Laptop,Weekend Binger
1000,18-21,Premium,Mobile,Casual Scroller
1001,26-30,Basic,Mobile,Weekend Binger
1002,18-21,Free,Mobile,Premium Loyalist
1003,26-30,Premium,Mobile,Casual Scroller
1004,18-21,Premium,Mobile,Casual Scroller
1005,18-21,Premium,TV,Casual Scroller
1006,18-21,Basic,Mobile,Casual Scroller
1007,18-21,Basic,Mobile,Weekend Binger
1008,18-21,Basic,Mobile,Weekend Binger
1009,18-21,Free,Mobile,Casual Scroller
1010,26-30,Free,Mobile,Casual Scroller
1011,22-25,Basic,Mobile,Casual Scroller
1012,18-21,Basic,Laptop,Weekend Binger
1013,26-30,Basic,Mobile,Premium Loyalist
1014,18-21,Basic,TV,Weekend Binger
1015,18-21,Basic,Mobile,Weekend Binger
1016,18-21,Basic,Mobile,Premium Loyalist
1017,26-30,Basic,Laptop,Casual Scroller
1018,18-21,Free,Laptop,Weekend Binger
1019,26-30,Free,Mobile,Casual Scroller
1020,18-21,Basic,Mobile,Weekend Binger
1021,18-21,Premium,Mobile,Casual Scroller
1022,22-25,Premium,Mobile,Weekend Binger
1023,26-30,Premium,Mobile,Weekend Binger
1024,18-21,Premium,TV,Casual Scroller
1025,18-21,Premium,Laptop,Weekend Binger
1026,26-30,Free,Mobile,Casual Scroller
1027,22-25,Premium,Mobile,Casual Scroller
1028,18-21,Basic,Mobile,Weekend Binger
1029,22-25,Basic,Mobile,Weekend Binger
1030,18-21,Free,Mobile,Premium Loyalist
1031,18-21,Free,Mobile,Premium Loyalist
1032,18-21,Free,TV,Casual Scroller
1033,18-21,Premium,Mobile,Casual Scroller
1034,18-21,Free,Mobile,Premium Loyalist
1035,22-25,Premium,Mobile,Casual Scroller
1036,18-21,Premium,Laptop,Casual Scroller
1037,18-21,Free,TV,Casual Scroller
1038,22-25,Basic,Mobile,Weekend Binger
1039,26-30,Basic,Mobile,Weekend Binger
1040,18-21,Premium,Mobile,Premium Loyalist
1041,26-30,Basic,TV,Weekend Binger
1042,18-21,Premium,TV,Casual Scroller
1043,22-25,Basic,Laptop,Weekend Binger
1044,26-30,Premium,Mobile,Casual Scroller
1045,22-25,Premium,Mobile,Casual Scroller
1046,26-30,Premium,Mobile,Weekend Binger
1047,18-21,Premium,TV,Weekend Binger
1048,22-25,Basic,Mobile,Weekend Binger
1049,18-21,Premium,Laptop,Casual Scroller
1050,18-21,Basic,Laptop,Casual Scroller
1051,18-21,Basic,TV,Premium Loyalist
1052,18-21,Premium,Mobile,Casual Scroller
1053,18-21,Free,Laptop,Casual Scroller
1054,18-21,Basic,Mobile,Casual Scroller
1055,18-21,Premium,Mobile,Casual Scroller
1056,18-21,Basic,Mobile,Weekend Binger
1057,18-21,Free,Mobile,Casual Scroller
1058,18-21,Premium,Mobile,Casual Scroller
1059,18-21,Basic,Laptop,Casual Scroller
1060,22-25,Free,Mobile,Weekend Binger
1061,18-21,Premium,Laptop,Casual Scroller
1062,18-21,Premium,Mobile,Premium Loyalist
1063,26-30,Basic,Mobile,Premium Loyalist
1064,18-21,Premium,Mobile,Casual Scroller
1065,22-25,Free,TV,Casual Scroller
1066,18-21,Free,Laptop,Casual Scroller
1067,26-30,Free,Mobile,Weekend Binger
1068,18-21,Premium,Mobile,Casual Scroller
1069,18-21,Basic,TV,Casual Scroller
1070,22-25,Basic,Mobile,Casual Scroller
1071,18-21,Premium,Mobile,Casual Scroller
1072,18-21,Basic,TV,Weekend Binger
1073,22-25,Premium,TV,Weekend Binger
1074,26-30,Basic,TV,Casual Scroller
1075,22-25,Basic,Mobile,Casual Scroller
1076,18-21,Premium,Laptop,Casual Scroller
1077,22-25,Free,Mobile,Casual Scroller
1078,18-21,Premium,Mobile,Casual Scroller
1079,18-21,Premium,Mobile,Weekend Binger
1080,22-25,Free,Laptop,Casual Scroller
1081,22-25,Free,Laptop,Casual Scroller
1082,26-30,Free,Laptop,Casual Scroller
1083,26-30,Basic,Mobile,Casual Scroller
1084,26-30,Basic,Laptop,Weekend Binger
1085,18-21,Basic,TV,Weekend Binger
1086,22-25,Premium,Laptop,Weekend Binger
1087,18-21,Free,TV,Weekend Binger
1088,18-21,Basic,Mobile,Weekend Binger
1089,18-21,Basic,Mobile,Weekend Binger
1090,18-21,Basic,Mobile,Weekend Binger
1091,18-21,Basic,Mobile,Weekend Binger
1092,22-25,Basic,Mobile,Casual Scroller
1093,26-30,Premium,Mobile,Weekend Binger
1094,26-30,Free,Mobile,Casual Scroller
1095,22-25,Basic,Laptop,Weekend Binger
1096,22-25,Premium,TV,Premium Loyalist
1097,18-21,Free,Mobile,Weekend Binger
1098,26-30,Free,Mobile,Weekend Binger
1099,18-21,Free,Mobile,Weekend Binger
1100,18-21,Free,Mobile,Casual Scroller
1101,18-21,Premium,Laptop,Premium Loyalist
1102,18-21,Basic,TV,Premium Loyalist
1103,18-21,Free,Mobile,Weekend Binger
1104,22-25,Basic,Mobile,Weekend Binger
1105,18-21,Basic,Laptop,Casual Scroller
1106,18-21,Free,Mobile,Casual Scroller
1107,22-25,Basic,Laptop,Casual Scroller
1108,22-25,Basic,Mobile,Casual Scroller
1109,18-21,Basic,TV,Casual Scroller
1110,26-30,Premium,Mobile,Casual Scroller
1111,22-25,Basic,Mobile,Casual Scroller
1112,18-21,Premium,TV,Casual Scroller
1113,22-25,Premium,TV,Weekend Binger
1114,26-30,Basic,Mobile,Weekend Binger
1115,26-30,Basic,Mobile,Weekend Binger
1116,18-21,Basic,TV,Premium Loyalist
1117,22-25,Free,Mobile,Weekend Binger
1118,22-25,Basic,Mobile,Casual Scroller
1119,22-25,Basic,Laptop,Weekend Binger
1120,18-21,Premium,Mobile,Casual Scroller
1121,22-25,Basic,Mobile,Casual Scroller
1122,26-30,Basic,Mobile,Weekend Binger
1123,18-21,Basic,Mobile,Weekend Binger
1124,22-25,Premium,Laptop,Weekend Binger
1125,18-21,Free,Laptop,Weekend Binger
1126,22-25,Free,Mobile,Casual Scroller
1127,18-21,Basic,Laptop,Casual Scroller
1128,22-25,Premium,Mobile,Casual Scroller
1129,18-21,Basic,Laptop,Weekend Binger
1130,18-21,Basic,Laptop,Weekend Binger
1131,18-21,Basic,Laptop,Casual Scroller
1132,26-30,Basic,TV,Weekend Binger
1133,26-30,Premium,Laptop,Weekend Binger
1134,18-21,Free,Laptop,Weekend Binger
1135,26-30,Basic,TV,Casual Scroller
1136,18-21,Basic,Mobile,Casual Scroller
1137,18-21,Free,Mobile,Premium Loyalist
1138,18-21,Basic,Mobile,Weekend Binger
1139,22-25,Free,Mobile,Casual Scroller
1140,26-30,Basic,Mobile,Casual Scroller
1141,18-21,Basic,Mobile,Weekend Binger
1142,22-25,Basic,Mobile,Casual Scroller
1143,18-21,Premium,Mobile,Weekend Binger
1144,22-25,Basic,Mobile,Casual Scroller
1145,22-25,Premium,Mobile,Weekend Binger
1146,26-30,Basic,Laptop,Weekend Binger
1147,26-30,Basic,Mobile,Casual Scroller
1148,18-21,Basic,Mobile,Weekend Binger
1149,18-21,Basic,TV,Casual Scroller
1150,22-25,Basic,Mobile,Weekend Binger
1151,18-21,Basic,TV,Casual Scroller
1152,26-30,Premium,Mobile,Casual Scroller
1153,22-25,Basic,Mobile,Casual Scroller
1154,18-21,Premium,Mobile,Weekend Binger
1155,18-21,Basic,TV,Weekend Binger
1156,22-25,Basic,Laptop,Premium Loyalist
1157,22-25,Free,TV,Premium Loyalist
1158,18-21,Free,Mobile,Premium Loyalist
1159,26-30,Basic,TV,Weekend Binger
1160,26-30,Premium,TV,Premium Loyalist
1161,18-21,Basic,Laptop,Weekend Binger
1162,22-25,Free,Mobile,Casual Scroller
1163,18-21,Basic,Laptop,Casual Scroller
1164,22-25,Basic,Laptop,Premium Loyalist
1165,18-21,Premium,TV,Weekend Binger
1166,18-21,Free,Mobile,Casual Scroller
1167,18-21,Basic,Mobile,Weekend Binger
1168,18-21,Basic,Mobile,Casual Scroller
1169,18-21,Free,Mobile,Casual Scroller
1170,18-21,Basic,Mobile,Weekend Binger
1171,18-21,Free,Mobile,Casual Scroller
1172,18-21,Free,Laptop,Weekend Binger
1173,22-25,Premium,Mobile,Weekend Binger
1174,26-30,Basic,Mobile,Casual Scroller
1175,22-25,Basic,Mobile,Casual Scroller
1176,18-21,Basic,Laptop,Casual Scroller
1177,18-21,Free,Mobile,Casual Scroller
1178,22-25,Basic,Mobile,Casual Scroller
1179,22-25,Basic,Laptop,Weekend Binger
1180,22-25,Basic,Laptop,Weekend Binger
1181,22-25,Free,Laptop,Casual Scroller
1182,22-25,Basic,Mobile,Casual Scroller
1183,26-30,Basic,Mobile,Premium Loyalist
1184,18-21,Premium,Mobile,Weekend Binger
1185,22-25,Basic,Mobile,Weekend Binger
1186,18-21,Basic,Mobile,Weekend Binger
1187,18-21,Premium,Laptop,Casual Scroller
1188,18-21,Free,Laptop,Premium Loyalist
1189,26-30,Basic,Laptop,Premium Loyalist
1190,22-25,Free,Mobile,Weekend Binger
1191,22-25,Premium,TV,Casual Scroller
1192,22-25,Basic,Mobile,Weekend Binger
1193,22-25,Premium,Mobile,Premium Loyalist
1194,22-25,Premium,Mobile,Casual Scroller
1195,22-25,Basic,Mobile,Premium Loyalist
1196,22-25,Premium,Mobile,Weekend Binger
1197,22-25,Free,TV,Premium Loyalist
1198,26-30,Basic,Mobile,Weekend Binger
1199,18-21,Basic,Mobile,Weekend Binger
1200,26-30,Basic,Laptop,Premium Loyalist
1201,22-25,Basic,Laptop,Premium Loyalist
1202,22-25,Basic,Mobile,Casual Scroller
1203,18-21,Basic,Laptop,Premium Loyalist
1204,22-25,Premium,Laptop,Casual Scroller
1205,26-30,Basic,Mobile,Casual Scroller
1206,18-21,Basic,Laptop,Premium Loyalist
1207,22-25,Free,Laptop,Premium Loyalist
1208,18-21,Premium,Mobile,Weekend Binger
1209,22-25,Free,TV,Weekend Binger
1210,22-25,Basic,Mobile,Casual Scroller
1211,22-25,Free,TV,Casual Scroller
1212,18-21,Premium,Laptop,Weekend Binger
1213,18-21,Basic,Mobile,Casual Scroller
1214,22-25,Free,Mobile,Premium Loyalist
1215,22-25,Free,Mobile,Weekend Binger
1216,22-25,Basic,Laptop,Weekend Binger
1217,22-25,Basic,Laptop,Casual Scroller
1218,22-25,Premium,Laptop,Weekend Binger
1219,22-25,Basic,Mobile,Casual Scroller
1220,22-25,Basic,Mobile,Premium Loyalist
1221,22-25,Basic,Mobile,Casual Scroller
1222,18-21,Premium,Mobile,Weekend Binger
1223,26-30,Basic,Laptop,Casual Scroller
1224,18-21,Free,Mobile,Weekend Binger
1225,18-21,Premium,TV,Casual Scroller
1226,18-21,Premium,Laptop,Casual Scroller
1227,26-30,Premium,Mobile,Casual Scroller
1228,22-25,Premium,Mobile,Casual Scroller
1229,22-25,Basic,Laptop,Weekend Binger
1230,22-25,Premium,Mobile,Weekend Binger
1231,18-21,Premium,Mobile,Weekend Binger
1232,18-21,Free,TV,Weekend Binger
1233,22-25,Basic,Laptop,Premium Loyalist
1234,18-21,Premium,TV,Weekend Binger
1235,18-21,Premium,Mobile,Casual Scroller
1236,18-21,Premium,Mobile,Premium Loyalist
1237,18-21,Premium,Laptop,Weekend Binger
1238,18-21,Premium,Mobile,Casual Scroller
1239,18-21,Basic,Mobile,Premium Loyalist
1240,18-21,Basic,Laptop,Premium Loyalist
1241,22-25,Basic,Mobile,Premium Loyalist
1242,26-30,Basic,Mobile,Casual Scroller
1243,18-21,Basic,TV,Casual Scroller
1244,18-21,Premium,Mobile,Premium Loyalist
1245,26-30,Basic,Mobile,Weekend Binger
1246,18-21,Premium,Mobile,Premium Loyalist
1247,26-30,Premium,Laptop,Casual Scroller
1248,18-21,Basic,Mobile,Casual Scroller
1249,22-25,Basic,Mobile,Weekend Binger
1250,18-21,Premium,Mobile,Weekend Binger
1251,22-25,Basic,Laptop,Casual Scroller
1252,18-21,Basic,Laptop,Casual Scroller
1253,18-21,Free,Laptop,Weekend Binger
1254,18-21,Premium,Mobile,Weekend Binger
1255,18-21,Basic,Mobile,Casual Scroller
1256,22-25,Basic,Laptop,Casual Scroller
1257,22-25,Free,Mobile,Premium Loyalist
1258,22-25,Premium,Mobile,Casual Scroller
1259,22-25,Free,Mobile,Weekend Binger
1260,22-25,Basic,TV,Premium Loyalist
1261,18-21,Free,Laptop,Casual Scroller
1262,22-25,Premium,TV,Weekend Binger
1263,18-21,Basic,Laptop,Premium Loyalist
1264,26-30,Basic,TV,Weekend Binger
1265,26-30,Basic,TV,Weekend Binger
1266,18-21,Premium,Mobile,Weekend Binger
1267,18-21,Free,TV,Weekend Binger
1268,18-21,Basic,Mobile,Weekend Binger
1269,22-25,Free,Mobile,Casual Scroller
1270,22-25,Premium,Mobile,Casual Scroller
1271,18-21,Basic,Mobile,Weekend Binger
1272,22-25,Premium,Mobile,Weekend Binger
1273,18-21,Premium,Laptop,Weekend Binger
1274,18-21,Premium,Laptop,Weekend Binger
1275,18-21,Basic,Mobile,Weekend Binger
1276,22-25,Basic,Mobile,Weekend Binger
1277,22-25,Basic,Mobile,Weekend Binger
1278,22-25,Basic,Mobile,Casual Scroller
1279,18-21,Basic,Mobile,Weekend Binger
1280,22-25,Premium,Mobile,Casual Scroller
1281,22-25,Free,Mobile,Weekend Binger
1282,22-25,Premium,Mobile,Casual Scroller
1283,22-25,Basic,Mobile,Casual Scroller
1284,18-21,Premium,Laptop,Premium Loyalist
1285,18-21,Basic,TV,Weekend Binger
1286,18-21,Premium,Laptop,Weekend Binger
1287,18-21,Basic,Mobile,Weekend Binger
1288,18-21,Basic,Mobile,Premium Loyalist
1289,18-21,Premium,Mobile,Premium Loyalist
1290,18-21,Free,Mobile,Casual Scroller
1291,26-30,Basic,Mobile,Casual Scroller
1292,22-25,Free,Mobile,Weekend Binger
1293,22-25,Premium,Mobile,Premium Loyalist
1294,22-25,Basic,Mobile,Weekend Binger
1295,22-25,Basic,Laptop,Casual Scroller
1296,18-21,Basic,Mobile,Weekend Binger
1297,26-30,Basic,Mobile,Weekend Binger
1298,18-21,Basic,TV,Weekend Binger
1299,22-25,Basic,Mobile,Weekend Binger
1300,18-21,Basic,Mobile,Casual Scroller
1301,18-21,Premium,Laptop,Premium Loyalist
1302,26-30,Basic,Mobile,Weekend Binger
1303,18-21,Basic,Laptop,Premium Loyalist
1304,22-25,Basic,Mobile,Premium Loyalist
1305,22-25,Basic,TV,Weekend Binger
1306,18-21,Basic,Mobile,Premium Loyalist
1307,22-25,Premium,Mobile,Casual Scroller
1308,26-30,Basic,Mobile,Weekend Binger
1309,18-21,Premium,Mobile,Weekend Binger
1310,26-30,Basic,Mobile,Weekend Binger
1311,18-21,Premium,Laptop,Weekend Binger
1312,26-30,Basic,Mobile,Weekend Binger
1313,18-21,Premium,Mobile,Casual Scroller
1314,18-21,Free,Mobile,Weekend Binger
1315,22-25,Basic,Mobile,Weekend Binger
1316,26-30,Premium,Mobile,Weekend Binger
1317,18-21,Premium,Mobile,Premium Loyalist
1318,18-21,Free,Mobile,Casual Scroller
1319,18-21,Premium,Laptop,Weekend Binger
1320,22-25,Basic,Mobile,Weekend Binger
1321,18-21,Basic,Mobile,Weekend Binger
1322,18-21,Basic,Mobile,Casual Scroller
1323,18-21,Basic,Mobile,Casual Scroller
1324,22-25,Basic,Laptop,Casual Scroller
1325,18-21,Free,TV,Premium Loyalist
1326,18-21,Free,Laptop,Casual Scroller
1327,22-25,Basic,Laptop,Casual Scroller
1328,18-21,Free,Mobile,Premium Loyalist
1329,22-25,Basic,Mobile,Weekend Binger
1330,22-25,Free,Mobile,Casual Scroller
1331,18-21,Premium,Mobile,Weekend Binger
1332,26-30,Premium,Mobile,Premium Loyalist
1333,18-21,Premium,Mobile,Weekend Binger
1334,22-25,Basic,Mobile,Casual Scroller
1335,18-21,Basic,TV,Weekend Binger
1336,18-21,Basic,Mobile,Casual Scroller
1337,18-21,Basic,Laptop,Casual Scroller
1338,22-25,Basic,Mobile,Casual Scroller
1339,22-25,Premium,Mobile,Casual Scroller
1340,22-25,Basic,Laptop,Casual Scroller
1341,22-25,Premium,Laptop,Weekend Binger
1342,18-21,Free,Mobile,Casual Scroller
1343,22-25,Basic,Laptop,Weekend Binger
1344,18-21,Premium,Laptop,Weekend Binger
1345,22-25,Free,Mobile,Casual Scroller
1346,22-25,Basic,Mobile,Casual Scroller
1347,18-21,Basic,Laptop,Weekend Binger
1348,18-21,Premium,Laptop,Weekend Binger
1349,18-21,Premium,Laptop,Weekend Binger
1350,22-25,Basic,Mobile,Weekend Binger
1351,22-25,Premium,Mobile,Casual Scroller
1352,18-21,Basic,Laptop,Casual Scroller
1353,26-30,Premium,Mobile,Weekend Binger
1354,18-21,Basic,Mobile,Casual Scroller
1355,18-21,Basic,TV,Weekend Binger
1356,18-21,Free,Mobile,Casual Scroller
1357,26-30,Basic,Mobile,Premium Loyalist
1358,18-21,Free,Laptop,Premium Loyalist
1359,18-21,Basic,Mobile,Weekend Binger
1360,22-25,Basic,Mobile,Premium Loyalist
1361,18-21,Premium,Mobile,Weekend Binger
1362,18-21,Basic,Mobile,Weekend Binger
1363,18-21,Basic,Mobile,Weekend Binger
1364,22-25,Free,Mobile,Casual Scroller
1365,26-30,Premium,Mobile,Casual Scroller
1366,18-21,Basic,TV,Premium Loyalist
1367,18-21,Premium,Mobile,Premium Loyalist
1368,18-21,Free,Mobile,Premium Loyalist
1369,18-21,Basic,TV,Casual Scroller
1370,22-25,Basic,Mobile,Casual Scroller
1371,22-25,Basic,Mobile,Weekend Binger
1372,22-25,Basic,Mobile,Weekend Binger
1373,22-25,Basic,Mobile,Casual Scroller
1374,26-30,Free,Mobile,Weekend Binger
1375,22-25,Free,Mobile,Casual Scroller
1376,18-21,Premium,Mobile,Premium Loyalist
1377,18-21,Free,Mobile,Casual Scroller
1378,18-21,Premium,Mobile,Casual Scroller
1379,18-21,Basic,Mobile,Premium Loyalist
1380,18-21,Premium,Mobile,Casual Scroller
1381,26-30,Free,Mobile,Casual Scroller
1382,26-30,Basic,Mobile,Weekend Binger
1383,26-30,Basic,Mobile,Weekend Binger
1384,26-30,Free,TV,Weekend Binger
1385,18-21,Basic,Mobile,Weekend Binger
1386,22-25,Premium,TV,Premium Loyalist
1387,26-30,Free,Mobile,Casual Scroller
1388,18-21,Basic,Laptop,Weekend Binger
1389,26-30,Free,Mobile,Weekend Binger
1390,18-21,Basic,Mobile,Weekend Binger
1391,26-30,Basic,Laptop,Weekend Binger
1392,22-25,Premium,Laptop,Casual Scroller
1393,22-25,Premium,Mobile,Casual Scroller
1394,26-30,Premium,Laptop,Premium Loyalist
1395,22-25,Basic,Mobile,Weekend Binger
1396,18-21,Premium,Laptop,Premium Loyalist
1397,18-21,Free,Mobile,Casual Scroller
1398,22-25,Basic,Mobile,Weekend Binger
1399,22-25,Basic,TV,Premium Loyalist
1400,26-30,Premium,Mobile,Weekend Binger
1401,18-21,Basic,TV,Weekend Binger
1402,18-21,Free,TV,Premium Loyalist
1403,22-25,Basic,Mobile,Casual Scroller
1404,18-21,Premium,Mobile,Weekend Binger
1405,18-21,Free,Mobile,Premium Loyalist
1406,26-30,Basic,Laptop,Casual Scroller
1407,18-21,Basic,Mobile,Casual Scroller
1408,22-25,Basic,Mobile,Casual Scroller
1409,22-25,Basic,Mobile,Casual Scroller
1410,18-21,Basic,Mobile,Premium Loyalist
1411,18-21,Basic,Mobile,Casual Scroller
1412,22-25,Premium,TV,Weekend Binger
1413,18-21,Premium,Mobile,Casual Scroller
1414,22-25,Basic,TV,Weekend Binger
1415,22-25,Free,Mobile,Casual Scroller
1416,18-21,Premium,Laptop,Weekend Binger
1417,22-25,Basic,TV,Premium Loyalist
1418,26-30,Basic,Mobile,Weekend Binger
1419,22-25,Premium,Mobile,Casual Scroller
1420,26-30,Premium,Mobile,Weekend Binger
1421,26-30,Free,Laptop,Casual Scroller
1422,22-25,Premium,Mobile,Weekend Binger
1423,22-25,Free,Mobile,Weekend Binger
1424,18-21,Basic,Mobile,Weekend Binger
1425,22-25,Premium,TV,Casual Scroller
1426,18-21,Basic,Laptop,Casual Scroller
1427,18-21,Basic,Mobile,Casual Scroller
1428,18-21,Premium,Mobile,Weekend Binger
1429,22-25,Basic,Mobile,Weekend Binger
1430,22-25,Basic,Mobile,Weekend Binger
1431,22-25,Premium,Mobile,Casual Scroller
1432,22-25,Basic,Mobile,Casual Scroller
1433,22-25,Premium,Mobile,Casual Scroller
1434,22-25,Premium,TV,Weekend Binger
1435,18-21,Free,Mobile,Weekend Binger
1436,22-25,Basic,Mobile,Casual Scroller
1437,18-21,Free,Mobile,Premium Loyalist
1438,22-25,Basic,Mobile,Weekend Binger
1439,22-25,Basic,TV,Casual Scroller
1440,18-21,Basic,TV,Casual Scroller
1441,18-21,Basic,Mobile,Weekend Binger
1442,18-21,Premium,Mobile,Weekend Binger
1443,18-21,Basic,Laptop,Weekend Binger
1444,22-25,Basic,TV,Casual Scroller
1445,26-30,Free,Mobile,Casual Scroller
1446,26-30,Basic,Mobile,Weekend Binger
1447,18-21,Basic,TV,Weekend Binger
1448,22-25,Basic,TV,Weekend Binger
1449,18-21,Premium,Mobile,Casual Scroller
1450,22-25,Basic,Laptop,Casual Scroller
1451,18-21,Basic,Mobile,Weekend Binger
1452,22-25,Basic,Laptop,Casual Scroller
1453,18-21,Basic,Mobile,Weekend Binger
1454,26-30,Premium,Mobile,Casual Scroller
1455,26-30,Premium,Mobile,Casual Scroller
1456,18-21,Premium,Mobile,Weekend Binger
1457,26-30,Basic,Laptop,Casual Scroller
1458,18-21,Free,Mobile,Weekend Binger
1459,22-25,Premium,Mobile,Premium Loyalist
1460,26-30,Free,Mobile,Weekend Binger
1461,22-25,Premium,Mobile,Weekend Binger
1462,26-30,Free,Mobile,Casual Scroller
1463,18-21,Premium,Mobile,Weekend Binger
1464,22-25,Basic,Mobile,Casual Scroller
1465,18-21,Free,TV,Casual Scroller
1466,22-25,Basic,Mobile,Weekend Binger
1467,26-30,Basic,Mobile,Weekend Binger
1468,26-30,Basic,Mobile,Casual Scroller
1469,26-30,Basic,Mobile,Casual Scroller
1470,18-21,Free,Mobile,Casual Scroller
1471,26-30,Free,Mobile,Weekend Binger
1472,18-21,Premium,Mobile,Weekend Binger
1473,18-21,Free,Mobile,Casual Scroller
1474,18-21,Premium,Laptop,Casual Scroller
1475,22-25,Basic,Mobile,Weekend Binger
1476,18-21,Free,Mobile,Weekend Binger
1477,18-21,Free,Mobile,Weekend Binger
1478,18-21,Premium,Mobile,Weekend Binger
1479,22-25,Basic,Mobile,Casual Scroller
1480,18-21,Basic,Mobile,Weekend Binger
1481,22-25,Premium,Mobile,Weekend Binger
1482,22-25,Basic,Laptop,Casual Scroller
1483,22-25,Basic,Mobile,Casual Scroller
1484,18-21,Basic,Laptop,Weekend Binger
1485,18-21,Basic,Mobile,Weekend Binger
1486,26-30,Free,Mobile,Casual Scroller
1487,22-25,Premium,Laptop,Weekend Binger
1488,26-30,Basic,Laptop,Weekend Binger
1489,26-30,Premium,Mobile,Weekend Binger
1490,22-25,Free,Mobile,Casual Scroller
1491,18-21,Premium,Mobile,Premium Loyalist
1492,22-25,Free,Laptop,Casual Scroller
1493,22-25,Premium,TV,Casual Scroller
1494,18-21,Free,Mobile,Weekend Binger
1495,18-21,Premium,Mobile,Premium Loyalist
1496,18-21,Basic,Mobile,Weekend Binger
1497,18-21,Basic,Mobile,Premium Loyalist
1498,18-21,Premium,Mobile,Weekend Binger
1499,26-30,Basic,Mobile,Casual Scroller
1500,26-30,Basic,Mobile,Premium Loyalist
1501,22-25,Premium,Laptop,Weekend Binger
1502,18-21,Premium,Mobile,Weekend Binger
1503,18-21,Basic,Mobile,Premium Loyalist
1504,18-21,Basic,Mobile,Casual Scroller
1505,18-21,Premium,Laptop,Premium Loyalist
1506,26-30,Free,Mobile,Casual Scroller
1507,26-30,Basic,TV,Casual Scroller
1508,22-25,Basic,Mobile,Casual Scroller
1509,22-25,Basic,Mobile,Weekend Binger
1510,22-25,Basic,Mobile,Casual Scroller
1511,26-30,Basic,Mobile,Casual Scroller
1512,18-21,Free,Mobile,Casual Scroller
1513,18-21,Premium,Laptop,Weekend Binger
1514,26-30,Premium,Laptop,Weekend Binger
1515,18-21,Basic,Laptop,Premium Loyalist
1516,18-21,Basic,Mobile,Casual Scroller
1517,26-30,Free,Mobile,Casual Scroller
1518,26-30,Premium,Mobile,Casual Scroller
1519,26-30,Basic,Mobile,Casual Scroller
1520,26-30,Basic,Mobile,Premium Loyalist
1521,22-25,Premium,TV,Weekend Binger
1522,22-25,Basic,Mobile,Premium Loyalist
1523,18-21,Free,Laptop,Casual Scroller
1524,22-25,Basic,Laptop,Casual Scroller
1525,18-21,Basic,Mobile,Casual Scroller
1526,22-25,Basic,Laptop,Casual Scroller
1527,18-21,Basic,Laptop,Casual Scroller
1528,18-21,Basic,Mobile,Casual Scroller
1529,22-25,Premium,TV,Casual Scroller
1530,22-25,Premium,Mobile,Casual Scroller
1531,18-21,Basic,Mobile,Weekend Binger
1532,26-30,Basic,TV,Casual Scroller
1533,22-25,Basic,Mobile,Weekend Binger
1534,22-25,Basic,Mobile,Weekend Binger
1535,26-30,Basic,Mobile,Casual Scroller
1536,18-21,Free,Mobile,Casual Scroller
1537,26-30,Free,TV,Casual Scroller
1538,18-21,Basic,Mobile,Weekend Binger
1539,22-25,Premium,Mobile,Premium Loyalist
1540,26-30,Basic,Laptop,Premium Loyalist
1541,18-21,Free,Mobile,Casual Scroller
1542,18-21,Basic,Laptop,Weekend Binger
1543,22-25,Free,Mobile,Premium Loyalist
1544,18-21,Premium,Mobile,Weekend Binger
1545,22-25,Basic,Mobile,Weekend Binger
1546,26-30,Premium,Laptop,Premium Loyalist
1547,18-21,Basic,Mobile,Casual Scroller
1548,26-30,Free,TV,Casual Scroller
1549,18-21,Basic,Mobile,Casual Scroller
1550,18-21,Basic,Mobile,Weekend Binger
1551,18-21,Basic,Laptop,Casual Scroller
1552,22-25,Premium,Laptop,Premium Loyalist
1553,22-25,Basic,Laptop,Casual Scroller
1554,22-25,Basic,Mobile,Casual Scroller
1555,22-25,Free,Mobile,Casual Scroller
1556,22-25,Premium,Mobile,Weekend Binger
1557,26-30,Premium,Mobile,Weekend Binger
1558,18-21,Premium,Mobile,Casual Scroller
1559,18-21,Premium,Laptop,Casual Scroller
1560,26-30,Basic,TV,Premium Loyalist
1561,22-25,Premium,Mobile,Weekend Binger
1562,22-25,Premium,Mobile,Weekend Binger
1563,26-30,Free,Laptop,Casual Scroller
1564,22-25,Premium,Laptop,Casual Scroller
1565,22-25,Free,Mobile,Casual Scroller
1566,18-21,Basic,Mobile,Weekend Binger
1567,18-21,Premium,Laptop,Weekend Binger
1568,18-21,Basic,Mobile,Weekend Binger
1569,22-25,Basic,TV,Weekend Binger
1570,18-21,Basic,Mobile,Weekend Binger
1571,18-21,Basic,Mobile,Casual Scroller
1572,22-25,Basic,Laptop,Casual Scroller
1573,26-30,Premium,Laptop,Casual Scroller
1574,26-30,Premium,Mobile,Premium Loyalist
1575,18-21,Free,Mobile,Weekend Binger
1576,26-30,Free,Mobile,Weekend Binger
1577,22-25,Premium,Mobile,Weekend Binger
1578,22-25,Basic,Mobile,Casual Scroller
1579,22-25,Basic,Mobile,Casual Scroller
1580,18-21,Free,Laptop,Premium Loyalist
1581,18-21,Premium,Laptop,Weekend Binger
1582,18-21,Basic,Mobile,Casual Scroller
1583,18-21,Premium,Mobile,Weekend Binger
1584,22-25,Premium,TV,Premium Loyalist
1585,22-25,Premium,TV,Casual Scroller
1586,18-21,Premium,Mobile,Weekend Binger
1587,22-25,Basic,Mobile,Casual Scroller
1588,18-21,Basic,Mobile,Weekend Binger
1589,22-25,Premium,Mobile,Premium Loyalist
1590,22-25,Basic,TV,Casual Scroller
1591,18-21,Premium,Laptop,Casual Scroller
1592,22-25,Basic,Laptop,Weekend Binger
1593,18-21,Basic,Mobile,Weekend Binger
1594,26-30,Free,Mobile,Casual Scroller
1595,26-30,Free,Laptop,Casual Scroller
1596,18-21,Premium,Mobile,Casual Scroller
1597,26-30,Basic,Mobile,Casual Scroller
1598,18-21,Basic,Mobile,Weekend Binger
1599,18-21,Basic,TV,Weekend Binger
1600,18-21,Basic,TV,Casual Scroller
1601,22-25,Premium,Laptop,Weekend Binger
1602,26-30,Basic,Mobile,Premium Loyalist
1603,18-21,Basic,Laptop,Casual Scroller
1604,22-25,Basic,TV,Casual Scroller
1605,18-21,Basic,Mobile,Weekend Binger
1606,22-25,Basic,Laptop,Casual Scroller
1607,22-25,Premium,Mobile,Casual Scroller
1608,18-21,Basic,Mobile,Casual Scroller
1609,18-21,Premium,Mobile,Weekend Binger
1610,26-30,Premium,Laptop,Weekend Binger
1611,22-25,Premium,Mobile,Weekend Binger
1612,22-25,Premium,Laptop,Casual Scroller
1613,22-25,Basic,Laptop,Weekend Binger
1614,18-21,Premium,Laptop,Weekend Binger
1615,22-25,Premium,TV,Weekend Binger
1616,22-25,Premium,Mobile,Casual Scroller
1617,22-25,Basic,Mobile,Casual Scroller
1618,18-21,Basic,Mobile,Weekend Binger
1619,26-30,Basic,Mobile,Premium Loyalist
1620,18-21,Basic,Laptop,Casual Scroller
1621,18-21,Free,Mobile,Weekend Binger
1622,18-21,Basic,Mobile,Weekend Binger
1623,22-25,Premium,Mobile,Casual Scroller
1624,18-21,Free,TV,Weekend Binger
1625,26-30,Free,Mobile,Casual Scroller
1626,18-21,Basic,Mobile,Weekend Binger
1627,18-21,Basic,Mobile,Casual Scroller
1628,18-21,Basic,Mobile,Weekend Binger
1629,22-25,Basic,Mobile,Weekend Binger
1630,22-25,Basic,Mobile,Premium Loyalist
1631,18-21,Basic,TV,Premium Loyalist
1632,22-25,Basic,Mobile,Weekend Binger
1633,18-21,Free,Mobile,Casual Scroller
1634,22-25,Basic,Mobile,Casual Scroller
1635,22-25,Free,Mobile,Weekend Binger
1636,18-21,Free,Mobile,Casual Scroller
1637,18-21,Basic,Mobile,Casual Scroller
1638,22-25,Basic,Laptop,Weekend Binger
1639,18-21,Premium,Mobile,Casual Scroller
1640,18-21,Free,Laptop,Casual Scroller
1641,18-21,Premium,Mobile,Premium Loyalist
1642,26-30,Premium,TV,Casual Scroller
1643,26-30,Basic,Laptop,Weekend Binger
1644,18-21,Premium,Mobile,Casual Scroller
1645,18-21,Basic,TV,Casual Scroller
1646,26-30,Basic,Mobile,Weekend Binger
1647,18-21,Premium,Mobile,Weekend Binger
1648,18-21,Premium,Mobile,Weekend Binger
1649,18-21,Premium,Laptop,Weekend Binger
1650,22-25,Basic,Mobile,Weekend Binger
1651,18-21,Premium,Mobile,Weekend Binger
1652,18-21,Basic,Mobile,Weekend Binger
1653,18-21,Free,Mobile,Weekend Binger
1654,18-21,Basic,Laptop,Weekend Binger
1655,22-25,Free,Laptop,Weekend Binger
1656,22-25,Basic,Mobile,Casual Scroller
1657,26-30,Premium,Mobile,Weekend Binger
1658,18-21,Premium,Mobile,Weekend Binger
1659,18-21,Basic,Mobile,Weekend Binger
1660,18-21,Free,Mobile,Weekend Binger
1661,18-21,Premium,Mobile,Casual Scroller
1662,26-30,Basic,Mobile,Casual Scroller
1663,26-30,Basic,Laptop,Casual Scroller
1664,18-21,Basic,Laptop,Weekend Binger
1665,22-25,Premium,Mobile,Weekend Binger
1666,26-30,Premium,Mobile,Casual Scroller
1667,18-21,Free,Mobile,Casual Scroller
1668,26-30,Premium,TV,Casual Scroller
1669,22-25,Premium,Laptop,Weekend Binger
1670,18-21,Premium,Mobile,Casual Scroller
1671,26-30,Basic,Mobile,Casual Scroller
1672,18-21,Premium,Laptop,Casual Scroller
1673,18-21,Basic,Mobile,Casual Scroller
1674,18-21,Premium,Mobile,Weekend Binger
1675,18-21,Free,Mobile,Weekend Binger
1676,18-21,Basic,Mobile,Weekend Binger
1677,26-30,Premium,Laptop,Premium Loyalist
1678,18-21,Basic,Mobile,Weekend Binger
1679,26-30,Basic,Mobile,Weekend Binger
1680,18-21,Premium,Mobile,Casual Scroller
1681,18-21,Free,TV,Weekend Binger
1682,18-21,Free,Laptop,Weekend Binger
1683,26-30,Free,Laptop,Weekend Binger
1684,18-21,Basic,Laptop,Premium Loyalist
1685,18-21,Basic,TV,Casual Scroller
1686,26-30,Free,Mobile,Weekend Binger
1687,18-21,Basic,Laptop,Weekend Binger
1688,18-21,Free,Laptop,Casual Scroller
1689,22-25,Free,Mobile,Casual Scroller
1690,18-21,Free,Mobile,Weekend Binger
1691,22-25,Basic,Laptop,Weekend Binger
1692,22-25,Premium,TV,Casual Scroller
1693,22-25,Premium,Mobile,Premium Loyalist
1694,26-30,Premium,Mobile,Casual Scroller
1695,18-21,Free,Laptop,Casual Scroller
1696,22-25,Premium,Laptop,Casual Scroller
1697,18-21,Premium,Mobile,Weekend Binger
1698,18-21,Basic,Mobile,Weekend Binger
1699,22-25,Free,Mobile,Casual Scroller
1700,18-21,Basic,Mobile,Weekend Binger
1701,26-30,Basic,TV,Casual Scroller
1702,18-21,Premium,Laptop,Casual Scroller
1703,18-21,Basic,Laptop,Casual Scroller
1704,18-21,Premium,Mobile,Casual Scroller
1705,18-21,Premium,Mobile,Weekend Binger
1706,26-30,Premium,TV,Casual Scroller
1707,26-30,Basic,Laptop,Casual Scroller
1708,18-21,Premium,Laptop,Casual Scroller
1709,18-21,Basic,TV,Casual Scroller
1710,22-25,Free,TV,Premium Loyalist
1711,18-21,Basic,Mobile,Casual Scroller
1712,18-21,Basic,Laptop,Weekend Binger
1713,18-21,Basic,Mobile,Casual Scroller
1714,18-21,Free,Mobile,Casual Scroller
1715,18-21,Basic,TV,Casual Scroller
1716,18-21,Basic,Mobile,Weekend Binger
1717,18-21,Premium,Mobile,Weekend Binger
1718,18-21,Basic,Mobile,Weekend Binger
1719,22-25,Basic,Mobile,Casual Scroller
1720,18-21,Basic,Mobile,Casual Scroller
1721,22-25,Basic,Mobile,Casual Scroller
1722,18-21,Free,TV,Weekend Binger
1723,22-25,Free,TV,Casual Scroller
1724,22-25,Basic,Mobile,Casual Scroller
1725,18-21,Premium,Mobile,Weekend Binger
1726,18-21,Basic,Laptop,Premium Loyalist
1727,26-30,Basic,Mobile,Casual Scroller
1728,18-21,Basic,Mobile,Premium Loyalist
1729,22-25,Basic,Laptop,Casual Scroller
1730,22-25,Free,TV,Weekend Binger
1731,18-21,Basic,Mobile,Casual Scroller
1732,18-21,Basic,Laptop,Weekend Binger
1733,18-21,Free,Mobile,Premium Loyalist
1734,22-25,Free,Mobile,Weekend Binger
1735,18-21,Free,Mobile,Casual Scroller
1736,18-21,Basic,Mobile,Weekend Binger
1737,22-25,Basic,Mobile,Weekend Binger
1738,18-21,Premium,Laptop,Weekend Binger
1739,18-21,Basic,Laptop,Casual Scroller
1740,22-25,Basic,Mobile,Casual Scroller
1741,18-21,Premium,Mobile,Casual Scroller
1742,18-21,Premium,Mobile,Weekend Binger
1743,22-25,Premium,Mobile,Casual Scroller
1744,18-21,Premium,Laptop,Casual Scroller
1745,22-25,Premium,Laptop,Casual Scroller
1746,18-21,Premium,Mobile,Casual Scroller
1747,18-21,Premium,TV,Weekend Binger
1748,22-25,Premium,Laptop,Casual Scroller
1749,18-21,Premium,Mobile,Casual Scroller
1750,18-21,Free,Mobile,Weekend Binger
1751,18-21,Free,TV,Weekend Binger
1752,22-25,Premium,Mobile,Weekend Binger
1753,18-21,Free,TV,Casual Scroller
1754,18-21,Basic,Mobile,Weekend Binger
1755,22-25,Premium,Mobile,Casual Scroller
1756,18-21,Premium,Mobile,Weekend Binger
1757,18-21,Premium,Laptop,Weekend Binger
1758,18-21,Free,Mobile,Casual Scroller
1759,26-30,Basic,Mobile,Premium Loyalist
1760,18-21,Free,TV,Weekend Binger
1761,22-25,Basic,Laptop,Weekend Binger
1762,26-30,Premium,TV,Casual Scroller
1763,18-21,Premium,Mobile,Premium Loyalist
1764,22-25,Free,Laptop,Weekend Binger
1765,18-21,Basic,Mobile,Premium Loyalist
1766,18-21,Premium,Laptop,Casual Scroller
1767,18-21,Premium,Mobile,Casual Scroller
1768,22-25,Basic,Mobile,Weekend Binger
1769,18-21,Free,Mobile,Casual Scroller
1770,22-25,Free,Laptop,Weekend Binger
1771,22-25,Basic,Mobile,Weekend Binger
1772,18-21,Basic,Mobile,Weekend Binger
1773,22-25,Premium,Laptop,Weekend Binger
1774,26-30,Basic,TV,Premium Loyalist
1775,18-21,Premium,Laptop,Casual Scroller
1776,22-25,Premium,Laptop,Weekend Binger
1777,18-21,Free,Laptop,Weekend Binger
1778,26-30,Free,Mobile,Casual Scroller
1779,22-25,Free,Mobile,Weekend Binger
1780,18-21,Free,Mobile,Casual Scroller
1781,18-21,Premium,Laptop,Weekend Binger
1782,22-25,Premium,Laptop,Premium Loyalist
1783,26-30,Basic,TV,Weekend Binger
1784,18-21,Free,Mobile,Casual Scroller
1785,22-25,Basic,Mobile,Casual Scroller
1786,22-25,Basic,Mobile,Premium Loyalist
1787,26-30,Premium,Mobile,Weekend Binger
1788,18-21,Free,TV,Casual Scroller
1789,18-21,Basic,Mobile,Weekend Binger
1790,22-25,Basic,Mobile,Casual Scroller
1791,22-25,Basic,Mobile,Weekend Binger
1792,22-25,Basic,TV,Casual Scroller
1793,22-25,Premium,Mobile,Premium Loyalist
1794,18-21,Basic,Laptop,Weekend Binger
1795,18-21,Basic,Mobile,Premium Loyalist
1796,22-25,Free,Mobile,Casual Scroller
1797,18-21,Premium,Mobile,Weekend Binger
1798,22-25,Basic,TV,Weekend Binger
1799,22-25,Basic,Laptop,Weekend Binger
1800,26-30,Basic,Mobile,Casual Scroller
1801,22-25,Basic,Mobile,Casual Scroller
1802,26-30,Premium,Mobile,Casual Scroller
1803,22-25,Basic,Mobile,Weekend Binger
1804,22-25,Basic,Laptop,Weekend Binger
1805,26-30,Basic,Mobile,Casual Scroller
1806,26-30,Premium,Mobile,Weekend Binger
1807,18-21,Basic,TV,Weekend Binger
1808,18-21,Premium,Mobile,Weekend Binger
1809,18-21,Basic,Laptop,Weekend Binger
1810,26-30,Premium,Mobile,Premium Loyalist
1811,22-25,Premium,Mobile,Weekend Binger
1812,26-30,Basic,TV,Casual Scroller
1813,22-25,Free,Mobile,Premium Loyalist
1814,18-21,Basic,Laptop,Weekend Binger
1815,26-30,Premium,Mobile,Casual Scroller
1816,26-30,Basic,Mobile,Casual Scroller
1817,18-21,Free,Mobile,Weekend Binger
1818,18-21,Free,Mobile,Casual Scroller
1819,18-21,Basic,Mobile,Weekend Binger
1820,22-25,Basic,Mobile,Weekend Binger
1821,18-21,Premium,Mobile,Casual Scroller
1822,26-30,Premium,Mobile,Casual Scroller
1823,18-21,Basic,Laptop,Casual Scroller
1824,18-21,Free,Mobile,Premium Loyalist
1825,22-25,Free,Mobile,Weekend Binger
1826,26-30,Free,Mobile,Premium Loyalist
1827,18-21,Basic,Mobile,Premium Loyalist
1828,18-21,Basic,Mobile,Casual Scroller
1829,22-25,Premium,TV,Casual Scroller
1830,18-21,Basic,Mobile,Casual Scroller
1831,22-25,Basic,Laptop,Weekend Binger
1832,22-25,Free,Mobile,Weekend Binger
1833,22-25,Basic,Mobile,Casual Scroller
1834,18-21,Basic,Laptop,Casual Scroller
1835,18-21,Basic,Mobile,Casual Scroller
1836,18-21,Free,Laptop,Casual Scroller
1837,18-21,Free,Mobile,Casual Scroller
1838,18-21,Basic,Mobile,Premium Loyalist
1839,22-25,Basic,Mobile,Weekend Binger
1840,18-21,Basic,Mobile,Casual Scroller
1841,22-25,Basic,Mobile,Casual Scroller
1842,18-21,Basic,TV,Casual Scroller
1843,22-25,Basic,TV,Casual Scroller
1844,18-21,Premium,Mobile,Premium Loyalist
1845,18-21,Premium,Mobile,Casual Scroller
1846,22-25,Free,Laptop,Casual Scroller
1847,18-21,Free,Mobile,Casual Scroller
1848,18-21,Basic,Mobile,Casual Scroller
1849,18-21,Premium,Mobile,Weekend Binger
1850,22-25,Basic,Laptop,Casual Scroller
1851,22-25,Premium,Mobile,Casual Scroller
1852,18-21,Free,Laptop,Casual Scroller
1853,18-21,Basic,Mobile,Weekend Binger
1854,18-21,Basic,TV,Weekend Binger
1855,26-30,Basic,Mobile,Casual Scroller
1856,22-25,Premium,Mobile,Casual Scroller
1857,18-21,Premium,Mobile,Casual Scroller
1858,18-21,Basic,TV,Weekend Binger
1859,18-21,Free,Mobile,Weekend Binger
1860,22-25,Basic,Laptop,Premium Loyalist
1861,22-25,Free,Mobile,Weekend Binger
1862,18-21,Basic,Mobile,Casual Scroller
1863,22-25,Premium,Mobile,Weekend Binger
1864,18-21,Premium,Mobile,Weekend Binger
1865,18-21,Premium,Mobile,Weekend Binger
1866,18-21,Basic,Mobile,Casual Scroller
1867,18-21,Free,Mobile,Casual Scroller
1868,22-25,Premium,Mobile,Casual Scroller
1869,22-25,Free,Mobile,Premium Loyalist
1870,18-21,Basic,Mobile,Weekend Binger
1871,22-25,Free,Mobile,Casual Scroller
1872,22-25,Premium,Mobile,Weekend Binger
1873,22-25,Free,Mobile,Weekend Binger
1874,22-25,Premium,TV,Casual Scroller
1875,18-21,Premium,Laptop,Casual Scroller
1876,18-21,Basic,Laptop,Premium Loyalist
1877,18-21,Free,Laptop,Casual Scroller
1878,18-21,Free,Laptop,Casual Scroller
1879,22-25,Free,Mobile,Weekend Binger
1880,18-21,Free,Mobile,Casual Scroller
1881,22-25,Basic,Mobile,Weekend Binger
1882,26-30,Basic,Mobile,Casual Scroller
1883,22-25,Basic,Mobile,Premium Loyalist
1884,26-30,Basic,Laptop,Weekend Binger
1885,22-25,Free,Mobile,Weekend Binger
1886,18-21,Basic,Mobile,Premium Loyalist
1887,22-25,Basic,TV,Premium Loyalist
1888,18-21,Basic,Mobile,Premium Loyalist
1889,22-25,Premium,Laptop,Weekend Binger
1890,18-21,Basic,Mobile,Casual Scroller
1891,18-21,Basic,Laptop,Weekend Binger
1892,18-21,Basic,Mobile,Casual Scroller
1893,22-25,Premium,Laptop,Casual Scroller
1894,18-21,Basic,Mobile,Casual Scroller
1895,26-30,Premium,Mobile,Casual Scroller
1896,18-21,Basic,Laptop,Casual Scroller
1897,22-25,Basic,Mobile,Casual Scroller
1898,18-21,Basic,Mobile,Casual Scroller
1899,26-30,Basic,Mobile,Casual Scroller
1900,18-21,Basic,Mobile,Casual Scroller
1901,22-25,Premium,Laptop,Casual Scroller
1902,18-21,Basic,TV,Weekend Binger
1903,18-21,Free,Mobile,Premium Loyalist
1904,18-21,Free,Mobile,Weekend Binger
1905,22-25,Premium,TV,Premium Loyalist
1906,22-25,Free,Mobile,Casual Scroller
1907,22-25,Free,Mobile,Casual Scroller
1908,18-21,Premium,Mobile,Casual Scroller
1909,18-21,Premium,Mobile,Casual Scroller
1910,18-21,Premium,TV,Casual Scroller
1911,18-21,Premium,Mobile,Premium Loyalist
1912,18-21,Basic,Laptop,Premium Loyalist
1913,18-21,Free,Mobile,Casual Scroller
1914,22-25,Premium,Laptop,Premium Loyalist
1915,18-21,Basic,Mobile,Casual Scroller
1916,18-21,Free,Mobile,Premium Loyalist
1917,18-21,Premium,Mobile,Casual Scroller
1918,18-21,Basic,TV,Weekend Binger
1919,18-21,Free,Mobile,Casual Scroller
1920,18-21,Basic,TV,Premium Loyalist
1921,26-30,Premium,Laptop,Weekend Binger
1922,22-25,Basic,Laptop,Casual Scroller
1923,18-21,Premium,Mobile,Weekend Binger
1924,22-25,Free,Laptop,Weekend Binger
1925,18-21,Premium,Mobile,Casual Scroller
1926,18-21,Free,Mobile,Casual Scroller
1927,18-21,Premium,Mobile,Casual Scroller
1928,18-21,Basic,Laptop,Casual Scroller
1929,26-30,Basic,Mobile,Weekend Binger
1930,26-30,Basic,Mobile,Casual Scroller
1931,18-21,Basic,Laptop,Weekend Binger
1932,18-21,Free,Mobile,Weekend Binger
1933,18-21,Basic,TV,Casual Scroller
1934,18-21,Premium,Laptop,Weekend Binger
1935,22-25,Free,Laptop,Casual Scroller
1936,18-21,Basic,Mobile,Casual Scroller
1937,22-25,Basic,Mobile,Weekend Binger
1938,26-30,Basic,Mobile,Casual Scroller
1939,18-21,Basic,Mobile,Casual Scroller
1940,18-21,Basic,Laptop,Weekend Binger
1941,22-25,Premium,Laptop,Casual Scroller
1942,18-21,Basic,Mobile,Weekend Binger
1943,18-21,Premium,Mobile,Casual Scroller
1944,18-21,Basic,TV,Weekend Binger
1945,22-25,Premium,Mobile,Premium Loyalist
1946,26-30,Premium,Mobile,Weekend Binger
1947,18-21,Premium,Mobile,Casual Scroller
1948,22-25,Basic,Laptop,Premium Loyalist
1949,22-25,Basic,TV,Weekend Binger
1950,18-21,Premium,Mobile,Casual Scroller
1951,18-21,Premium,Mobile,Casual Scroller
1952,18-21,Basic,Mobile,Weekend Binger
1953,18-21,Free,Laptop,Premium Loyalist
1954,18-21,Free,Mobile,Casual Scroller
1955,18-21,Basic,Mobile,Casual Scroller
1956,18-21,Basic,Mobile,Premium Loyalist
1957,22-25,Basic,Mobile,Weekend Binger
1958,18-21,Basic,Mobile,Casual Scroller
1959,22-25,Premium,TV,Weekend Binger
1960,22-25,Basic,Mobile,Premium Loyalist
1961,22-25,Free,TV,Weekend Binger
1962,26-30,Basic,Mobile,Casual Scroller
1963,22-25,Premium,Mobile,Weekend Binger
1964,22-25,Free,TV,Weekend Binger
1965,22-25,Basic,Mobile,Premium Loyalist
1966,18-21,Premium,Mobile,Casual Scroller
1967,18-21,Basic,Laptop,Premium Loyalist
1968,18-21,Free,Laptop,Premium Loyalist
1969,22-25,Basic,Mobile,Casual Scroller
1970,22-25,Basic,Mobile,Casual Scroller
1971,18-21,Free,Mobile,Weekend Binger
1972,22-25,Free,Mobile,Casual Scroller
1973,22-25,Basic,Mobile,Casual Scroller
1974,18-21,Basic,Laptop,Casual Scroller
1975,26-30,Basic,Mobile,Weekend Binger
1976,18-21,Premium,Mobile,Casual Scroller
1977,22-25,Premium,Mobile,Casual Scroller
1978,18-21,Basic,TV,Casual Scroller
1979,26-30,Basic,Mobile,Casual Scroller
1980,18-21,Free,Laptop,Weekend Binger
1981,22-25,Premium,Mobile,Weekend Binger
1982,18-21,Basic,TV,Casual Scroller
1983,26-30,Basic,Mobile,Casual Scroller
1984,22-25,Premium,Mobile,Weekend Binger
1985,22-25,Free,Laptop,Weekend Binger
1986,18-21,Basic,Mobile,Casual Scroller
1987,18-21,Basic,Mobile,Casual Scroller
1988,18-21,Basic,Mobile,Weekend Binger
1989,22-25,Free,Mobile,Casual Scroller
1990,18-21,Basic,Laptop,Weekend Binger
1991,18-21,Free,TV,Casual Scroller
1992,18-21,Premium,Mobile,Premium Loyalist
1993,22-25,Basic,Laptop,Casual Scroller
1994,18-21,Basic,Laptop,Premium Loyalist
1995,18-21,Premium,TV,Premium Loyalist
1996,22-25,Basic,Laptop,Casual Scroller
1997,18-21,Basic,TV,Weekend Binger
1998,18-21,Premium,Mobile,Casual Scroller
1999,18-21,Basic,Mobile,Weekend Binger
2000,22-25,Basic,Mobile,Casual Scroller
2001,22-25,Free,TV,Weekend Binger
2002,18-21,Basic,TV,Casual Scroller
2003,18-21,Basic,Mobile,Casual Scroller
2004,22-25,Premium,Mobile,Casual Scroller
2005,22-25,Basic,Laptop,Casual Scroller
2006,22-25,Basic,Mobile,Casual Scroller
2007,26-30,Free,Mobile,Weekend Binger
2008,26-30,Premium,Mobile,Casual Scroller
2009,18-21,Basic,Mobile,Casual Scroller
2010,18-21,Premium,Mobile,Weekend Binger
2011,22-25,Free,Mobile,Casual Scroller
2012,22-25,Basic,TV,Premium Loyalist
2013,18-21,Basic,Mobile,Premium Loyalist
2014,22-25,Premium,Mobile,Weekend Binger
2015,22-25,Basic,TV,Weekend Binger
2016,18-21,Premium,TV,Casual Scroller
2017,22-25,Premium,Mobile,Premium Loyalist
2018,18-21,Basic,Mobile,Casual Scroller
2019,18-21,Basic,TV,Weekend Binger
2020,26-30,Basic,Mobile,Casual Scroller
2021,18-21,Basic,Mobile,Casual Scroller
2022,22-25,Basic,Laptop,Casual Scroller
2023,22-25,Basic,Mobile,Casual Scroller
2024,22-25,Premium,Mobile,Weekend Binger
2025,18-21,Basic,Mobile,Casual Scroller
2026,22-25,Free,Mobile,Casual Scroller
2027,26-30,Premium,TV,Weekend Binger
2028,18-21,Basic,Mobile,Weekend Binger
2029,22-25,Basic,Mobile,Casual Scroller
2030,22-25,Premium,Laptop,Weekend Binger
2031,18-21,Basic,Mobile,Weekend Binger
2032,18-21,Premium,Laptop,Casual Scroller
2033,22-25,Basic,TV,Weekend Binger
2034,22-25,Premium,Mobile,Casual Scroller
2035,18-21,Premium,Laptop,Weekend Binger
2036,18-21,Basic,Mobile,Casual Scroller
2037,22-25,Free,Mobile,Casual Scroller
2038,26-30,Basic,TV,Casual Scroller
2039,22-25,Premium,Mobile,Casual Scroller
2040,26-30,Basic,Mobile,Casual Scroller
2041,22-25,Basic,Mobile,Weekend Binger
2042,18-21,Premium,Mobile,Casual Scroller
2043,22-25,Basic,Mobile,Premium Loyalist
2044,18-21,Basic,TV,Premium Loyalist
2045,22-25,Free,Laptop,Casual Scroller
2046,18-21,Free,Laptop,Casual Scroller
2047,18-21,Basic,Mobile,Casual Scroller
2048,22-25,Premium,TV,Casual Scroller
2049,22-25,Free,TV,Casual Scroller
2050,18-21,Premium,Mobile,Weekend Binger
2051,18-21,Free,Mobile,Casual Scroller
2052,18-21,Basic,Mobile,Weekend Binger
2053,26-30,Free,Mobile,Weekend Binger
2054,18-21,Basic,Laptop,Casual Scroller
2055,26-30,Basic,Mobile,Weekend Binger
2056,18-21,Basic,Mobile,Weekend Binger
2057,26-30,Premium,TV,Casual Scroller
2058,22-25,Basic,Mobile,Premium Loyalist
2059,26-30,Basic,Mobile,Weekend Binger
2060,18-21,Basic,Laptop,Weekend Binger
2061,26-30,Basic,Mobile,Weekend Binger
2062,18-21,Premium,Mobile,Weekend Binger
2063,22-25,Premium,TV,Weekend Binger
2064,18-21,Basic,Mobile,Weekend Binger
2065,18-21,Basic,TV,Casual Scroller
2066,22-25,Free,Mobile,Casual Scroller
2067,22-25,Basic,Mobile,Premium Loyalist
2068,22-25,Premium,TV,Weekend Binger
2069,26-30,Premium,Mobile,Weekend Binger
2070,18-21,Basic,Laptop,Casual Scroller
2071,22-25,Basic,Mobile,Weekend Binger
2072,18-21,Basic,Mobile,Premium Loyalist
2073,18-21,Basic,Mobile,Casual Scroller
2074,22-25,Premium,Mobile,Weekend Binger
2075,22-25,Basic,Mobile,Weekend Binger
2076,18-21,Basic,Laptop,Premium Loyalist
2077,22-25,Basic,Mobile,Casual Scroller
2078,22-25,Basic,Mobile,Weekend Binger
2079,18-21,Free,Mobile,Casual Scroller
2080,18-21,Free,Mobile,Weekend Binger
2081,22-25,Premium,Mobile,Casual Scroller
2082,18-21,Basic,Mobile,Casual Scroller
2083,18-21,Basic,Mobile,Casual Scroller
2084,18-21,Basic,Laptop,Casual Scroller
2085,18-21,Basic,Mobile,Weekend Binger
2086,26-30,Premium,Laptop,Premium Loyalist
2087,18-21,Basic,Laptop,Weekend Binger
2088,26-30,Free,TV,Casual Scroller
2089,22-25,Premium,Laptop,Casual Scroller
2090,18-21,Basic,Mobile,Premium Loyalist
2091,18-21,Basic,TV,Premium Loyalist
2092,22-25,Free,Mobile,Weekend Binger
2093,22-25,Basic,Mobile,Casual Scroller
2094,18-21,Free,Laptop,Premium Loyalist
2095,22-25,Basic,Laptop,Casual Scroller
2096,22-25,Premium,Mobile,Casual Scroller
2097,18-21,Basic,Laptop,Casual Scroller
2098,26-30,Premium,Laptop,Weekend Binger
2099,18-21,Premium,Mobile,Weekend Binger
2100,18-21,Premium,Mobile,Premium Loyalist
2101,18-21,Basic,Mobile,Casual Scroller
2102,18-21,Basic,Mobile,Casual Scroller
2103,18-21,Basic,Mobile,Premium Loyalist
2104,18-21,Basic,Mobile,Premium Loyalist
2105,22-25,Basic,Laptop,Casual Scroller
2106,18-21,Free,TV,Casual Scroller
2107,22-25,Basic,Mobile,Casual Scroller
2108,22-25,Premium,TV,Casual Scroller
2109,18-21,Premium,Laptop,Casual Scroller
2110,26-30,Basic,Mobile,Weekend Binger
2111,18-21,Premium,Mobile,Casual Scroller
2112,18-21,Premium,Mobile,Casual Scroller
2113,22-25,Premium,Mobile,Weekend Binger
2114,18-21,Basic,Mobile,Weekend Binger
2115,18-21,Free,TV,Weekend Binger
2116,22-25,Free,Mobile,Casual Scroller
2117,18-21,Premium,Mobile,Weekend Binger
2118,18-21,Basic,TV,Casual Scroller
2119,18-21,Basic,Mobile,Weekend Binger
2120,22-25,Free,Laptop,Weekend Binger
2121,22-25,Free,Mobile,Weekend Binger
2122,18-21,Premium,Mobile,Casual Scroller
2123,22-25,Basic,Laptop,Premium Loyalist
2124,22-25,Basic,Mobile,Weekend Binger
2125,18-21,Basic,Mobile,Weekend Binger
2126,22-25,Basic,TV,Weekend Binger
2127,18-21,Premium,Mobile,Premium Loyalist
2128,26-30,Premium,TV,Weekend Binger
2129,18-21,Basic,Mobile,Casual Scroller
2130,18-21,Basic,Mobile,Casual Scroller
2131,18-21,Free,Mobile,Casual Scroller
2132,22-25,Basic,Mobile,Weekend Binger
2133,18-21,Premium,Mobile,Premium Loyalist
2134,18-21,Premium,Laptop,Premium Loyalist
2135,22-25,Basic,Laptop,Weekend Binger
2136,18-21,Basic,Mobile,Weekend Binger
2137,18-21,Basic,Mobile,Casual Scroller
2138,18-21,Basic,Mobile,Casual Scroller
2139,22-25,Basic,TV,Casual Scroller
2140,22-25,Premium,Laptop,Weekend Binger
2141,18-21,Premium,Mobile,Casual Scroller
2142,18-21,Basic,TV,Casual Scroller
2143,18-21,Premium,Mobile,Casual Scroller
2144,26-30,Basic,Mobile,Weekend Binger
2145,18-21,Basic,Mobile,Casual Scroller
2146,22-25,Basic,Laptop,Casual Scroller
2147,18-21,Premium,Mobile,Weekend Binger
2148,22-25,Premium,Mobile,Casual Scroller
2149,18-21,Premium,Mobile,Premium Loyalist
2150,18-21,Basic,TV,Premium Loyalist
2151,18-21,Premium,Mobile,Casual Scroller
2152,22-25,Basic,Mobile,Premium Loyalist
2153,18-21,Free,Mobile,Premium Loyalist
2154,18-21,Basic,Mobile,Casual Scroller
2155,26-30,Premium,Mobile,Premium Loyalist
2156,22-25,Basic,Laptop,Weekend Binger
2157,26-30,Basic,Mobile,Weekend Binger
2158,18-21,Premium,TV,Casual Scroller
2159,18-21,Free,TV,Casual Scroller
2160,22-25,Basic,Mobile,Weekend Binger
2161,18-21,Free,Laptop,Weekend Binger
2162,26-30,Basic,Laptop,Weekend Binger
2163,18-21,Premium,Laptop,Casual Scroller
2164,18-21,Premium,TV,Premium Loyalist
2165,18-21,Basic,Mobile,Weekend Binger
2166,22-25,Basic,Mobile,Weekend Binger
2167,18-21,Free,Mobile,Weekend Binger
2168,18-21,Free,TV,Casual Scroller
2169,26-30,Basic,Mobile,Weekend Binger
2170,18-21,Basic,Mobile,Casual Scroller
2171,22-25,Basic,Mobile,Weekend Binger
2172,18-21,Basic,TV,Casual Scroller
2173,18-21,Free,Mobile,Casual Scroller
2174,18-21,Free,Mobile,Casual Scroller
2175,18-21,Free,Mobile,Weekend Binger
2176,18-21,Basic,Laptop,Weekend Binger
2177,18-21,Basic,Mobile,Casual Scroller
2178,26-30,Basic,Laptop,Weekend Binger
2179,18-21,Free,Laptop,Premium Loyalist
2180,26-30,Basic,Laptop,Weekend Binger
2181,22-25,Free,Mobile,Casual Scroller
2182,22-25,Basic,Mobile,Weekend Binger
2183,18-21,Premium,Laptop,Premium Loyalist
2184,22-25,Premium,Laptop,Premium Loyalist
2185,18-21,Free,Mobile,Casual Scroller
2186,22-25,Premium,TV,Premium Loyalist
2187,18-21,Premium,Laptop,Weekend Binger
2188,18-21,Basic,Mobile,Weekend Binger
2189,18-21,Basic,Laptop,Weekend Binger
2190,26-30,Premium,Laptop,Casual Scroller
2191,18-21,Basic,Laptop,Casual Scroller
2192,22-25,Basic,Mobile,Casual Scroller
2193,26-30,Premium,Laptop,Premium Loyalist
2194,22-25,Basic,Mobile,Weekend Binger
2195,18-21,Basic,TV,Weekend Binger
2196,22-25,Basic,Laptop,Casual Scroller
2197,18-21,Basic,Mobile,Casual Scroller
2198,18-21,Basic,TV,Casual Scroller
2199,22-25,Premium,Mobile,Premium Loyalist
2200,22-25,Free,Mobile,Weekend Binger
2201,18-21,Basic,TV,Weekend Binger
2202,18-21,Basic,Mobile,Premium Loyalist
2203,18-21,Basic,Mobile,Weekend Binger
2204,22-25,Premium,Laptop,Casual Scroller
2205,18-21,Premium,Mobile,Casual Scroller
2206,22-25,Premium,TV,Casual Scroller
2207,22-25,Basic,Mobile,Weekend Binger
2208,18-21,Premium,Mobile,Casual Scroller
2209,26-30,Basic,Mobile,Casual Scroller
2210,18-21,Premium,Mobile,Casual Scroller
2211,26-30,Premium,Mobile,Casual Scroller
2212,18-21,Premium,Mobile,Casual Scroller
2213,18-21,Basic,Mobile,Weekend Binger
2214,26-30,Basic,Mobile,Casual Scroller
2215,18-21,Basic,Mobile,Weekend Binger
2216,18-21,Premium,TV,Casual Scroller
2217,18-21,Premium,Mobile,Casual Scroller
2218,22-25,Basic,Mobile,Weekend Binger
2219,18-21,Basic,Mobile,Weekend Binger
2220,22-25,Basic,TV,Weekend Binger
2221,26-30,Basic,Mobile,Casual Scroller
2222,22-25,Basic,Laptop,Casual Scroller
2223,18-21,Basic,Mobile,Weekend Binger
2224,22-25,Basic,Mobile,Weekend Binger
2225,22-25,Free,Mobile,Casual Scroller
2226,18-21,Basic,Mobile,Premium Loyalist
2227,18-21,Basic,Mobile,Premium Loyalist
2228,18-21,Premium,Mobile,Weekend Binger
2229,26-30,Basic,Mobile,Weekend Binger
2230,26-30,Basic,TV,Casual Scroller
2231,18-21,Premium,Mobile,Casual Scroller
2232,18-21,Premium,Laptop,Premium Loyalist
2233,18-21,Basic,Mobile,Weekend Binger
2234,22-25,Free,Mobile,Casual Scroller
2235,18-21,Free,Mobile,Premium Loyalist
2236,18-21,Basic,Mobile,Casual Scroller
2237,18-21,Basic,Mobile,Casual Scroller
2238,26-30,Basic,Laptop,Casual Scroller
2239,22-25,Premium,Mobile,Weekend Binger
2240,26-30,Basic,Laptop,Casual Scroller
2241,22-25,Basic,Mobile,Casual Scroller
2242,22-25,Basic,Mobile,Weekend Binger
2243,18-21,Premium,Mobile,Casual Scroller
2244,18-21,Basic,Mobile,Casual Scroller
2245,22-25,Basic,Mobile,Casual Scroller
2246,18-21,Premium,Mobile,Casual Scroller
2247,18-21,Free,Mobile,Casual Scroller
2248,26-30,Premium,Mobile,Weekend Binger
2249,18-21,Premium,Mobile,Premium Loyalist
2250,22-25,Free,Mobile,Casual Scroller
2251,22-25,Basic,Mobile,Weekend Binger
2252,22-25,Premium,Mobile,Weekend Binger
2253,22-25,Free,Mobile,Casual Scroller
2254,18-21,Basic,TV,Weekend Binger
2255,18-21,Premium,Mobile,Weekend Binger
2256,18-21,Basic,Laptop,Casual Scroller
2257,22-25,Basic,TV,Weekend Binger
2258,22-25,Premium,Mobile,Casual Scroller
2259,22-25,Free,Mobile,Weekend Binger
2260,22-25,Basic,Mobile,Weekend Binger
2261,18-21,Basic,Mobile,Premium Loyalist
2262,22-25,Premium,Mobile,Weekend Binger
2263,22-25,Basic,Laptop,Casual Scroller
2264,18-21,Premium,Laptop,Casual Scroller
2265,22-25,Premium,Mobile,Premium Loyalist
2266,18-21,Premium,Mobile,Weekend Binger
2267,22-25,Basic,Mobile,Casual Scroller
2268,22-25,Free,TV,Weekend Binger
2269,18-21,Free,Laptop,Casual Scroller
2270,22-25,Premium,Mobile,Premium Loyalist
2271,22-25,Basic,Laptop,Weekend Binger
2272,22-25,Premium,Mobile,Casual Scroller
2273,22-25,Basic,Mobile,Weekend Binger
2274,18-21,Basic,TV,Casual Scroller
2275,18-21,Basic,TV,Weekend Binger
2276,18-21,Free,TV,Casual Scroller
2277,22-25,Basic,Mobile,Premium Loyalist
2278,22-25,Premium,Laptop,Casual Scroller
2279,18-21,Premium,Laptop,Premium Loyalist
2280,18-21,Basic,Mobile,Casual Scroller
2281,22-25,Basic,TV,Premium Loyalist
2282,18-21,Basic,Mobile,Weekend Binger
2283,18-21,Premium,Mobile,Premium Loyalist
2284,18-21,Basic,Mobile,Casual Scroller
2285,18-21,Basic,Mobile,Casual Scroller
2286,22-25,Free,Mobile,Weekend Binger
2287,22-25,Premium,Laptop,Casual Scroller
2288,18-21,Free,Mobile,Casual Scroller
2289,22-25,Premium,Mobile,Weekend Binger
2290,22-25,Free,Laptop,Premium Loyalist
2291,26-30,Basic,Mobile,Weekend Binger
2292,18-21,Basic,Mobile,Casual Scroller
2293,18-21,Basic,Laptop,Casual Scroller
2294,18-21,Basic,Mobile,Weekend Binger
2295,22-25,Free,Laptop,Weekend Binger
2296,22-25,Basic,Mobile,Weekend Binger
2297,22-25,Premium,Laptop,Casual Scroller
2298,18-21,Basic,Laptop,Casual Scroller
2299,26-30,Premium,Laptop,Weekend Binger
2300,26-30,Premium,Mobile,Casual Scroller
2301,22-25,Basic,Laptop,Casual Scroller
2302,22-25,Basic,Laptop,Weekend Binger
2303,18-21,Free,Mobile,Weekend Binger
2304,26-30,Free,Mobile,Casual Scroller
2305,22-25,Basic,Laptop,Premium Loyalist
2306,18-21,Basic,Laptop,Weekend Binger
2307,18-21,Free,Laptop,Weekend Binger
2308,18-21,Premium,Mobile,Premium Loyalist
2309,18-21,Basic,Mobile,Casual Scroller
2310,18-21,Free,TV,Weekend Binger
2311,22-25,Basic,Laptop,Weekend Binger
2312,18-21,Basic,TV,Weekend Binger
2313,22-25,Basic,Mobile,Premium Loyalist
2314,22-25,Premium,Mobile,Premium Loyalist
2315,18-21,Basic,Mobile,Casual Scroller
2316,26-30,Basic,Mobile,Casual Scroller
2317,18-21,Basic,Mobile,Casual Scroller
2318,22-25,Basic,TV,Premium Loyalist
2319,18-21,Basic,TV,Weekend Binger
2320,22-25,Premium,Mobile,Weekend Binger
2321,18-21,Premium,Mobile,Casual Scroller
2322,22-25,Premium,Mobile,Casual Scroller
2323,18-21,Basic,Laptop,Casual Scroller
2324,22-25,Basic,Laptop,Weekend Binger
2325,22-25,Basic,TV,Casual Scroller
2326,26-30,Basic,Mobile,Casual Scroller
2327,18-21,Basic,Mobile,Casual Scroller
2328,22-25,Free,TV,Weekend Binger
2329,26-30,Basic,Mobile,Premium Loyalist
2330,22-25,Premium,Laptop,Casual Scroller
2331,18-21,Basic,Laptop,Casual Scroller
2332,18-21,Premium,Laptop,Weekend Binger
2333,18-21,Premium,TV,Weekend Binger
2334,18-21,Basic,Mobile,Casual Scroller
2335,18-21,Basic,Laptop,Premium Loyalist
2336,22-25,Basic,Laptop,Weekend Binger
2337,22-25,Basic,Mobile,Casual Scroller
2338,18-21,Basic,Mobile,Weekend Binger
2339,26-30,Basic,Mobile,Casual Scroller
2340,18-21,Basic,Mobile,Premium Loyalist
2341,22-25,Premium,Laptop,Casual Scroller
2342,18-21,Free,Mobile,Casual Scroller
2343,18-21,Premium,Mobile,Weekend Binger
2344,18-21,Basic,Laptop,Weekend Binger
2345,22-25,Free,TV,Casual Scroller
2346,18-21,Premium,TV,Weekend Binger
2347,18-21,Basic,TV,Casual Scroller
2348,22-25,Free,Laptop,Casual Scroller
2349,18-21,Free,Mobile,Premium Loyalist
2350,22-25,Basic,Laptop,Casual Scroller
2351,22-25,Basic,Laptop,Weekend Binger
2352,18-21,Free,TV,Weekend Binger
2353,18-21,Basic,Mobile,Weekend Binger
2354,18-21,Free,Mobile,Weekend Binger
2355,26-30,Premium,Mobile,Casual Scroller
2356,22-25,Basic,Mobile,Weekend Binger
2357,18-21,Basic,Laptop,Casual Scroller
2358,26-30,Basic,Mobile,Weekend Binger
2359,18-21,Premium,TV,Premium Loyalist
2360,18-21,Basic,TV,Casual Scroller
2361,18-21,Basic,Mobile,Weekend Binger
2362,18-21,Basic,Mobile,Casual Scroller
2363,22-25,Premium,Mobile,Premium Loyalist
2364,22-25,Free,Laptop,Casual Scroller
2365,22-25,Free,Mobile,Premium Loyalist
2366,26-30,Basic,Mobile,Weekend Binger
2367,18-21,Free,Mobile,Weekend Binger
2368,22-25,Premium,Laptop,Casual Scroller
2369,18-21,Basic,Mobile,Casual Scroller
2370,22-25,Basic,TV,Premium Loyalist
2371,22-25,Free,TV,Weekend Binger
2372,26-30,Basic,Mobile,Casual Scroller
2373,22-25,Free,Mobile,Casual Scroller
2374,18-21,Premium,Laptop,Weekend Binger
2375,22-25,Premium,TV,Weekend Binger
2376,18-21,Premium,Laptop,Casual Scroller
2377,18-21,Basic,TV,Weekend Binger
2378,18-21,Basic,Mobile,Casual Scroller
2379,22-25,Premium,Mobile,Weekend Binger
2380,18-21,Basic,Laptop,Casual Scroller
2381,22-25,Basic,Mobile,Premium Loyalist
2382,26-30,Premium,Laptop,Weekend Binger
2383,26-30,Free,Laptop,Casual Scroller
2384,22-25,Premium,Mobile,Casual Scroller
2385,22-25,Free,Mobile,Casual Scroller
2386,18-21,Basic,Mobile,Casual Scroller
2387,18-21,Basic,Mobile,Weekend Binger
2388,26-30,Premium,Mobile,Weekend Binger
2389,18-21,Free,Laptop,Weekend Binger
2390,18-21,Free,Mobile,Casual Scroller
2391,18-21,Basic,Laptop,Weekend Binger
2392,18-21,Basic,Mobile,Weekend Binger
2393,18-21,Basic,Laptop,Casual Scroller
2394,22-25,Free,Laptop,Casual Scroller
2395,26-30,Free,Mobile,Casual Scroller
2396,22-25,Premium,Mobile,Casual Scroller
2397,18-21,Basic,Mobile,Weekend Binger
2398,18-21,Free,Mobile,Weekend Binger
2399,22-25,Basic,Mobile,Casual Scroller
2400,26-30,Basic,Mobile,Casual Scroller
2401,26-30,Premium,Mobile,Weekend Binger
2402,26-30,Basic,Mobile,Premium Loyalist
2403,18-21,Free,Mobile,Casual Scroller
2404,18-21,Premium,TV,Casual Scroller
2405,18-21,Basic,Mobile,Weekend Binger
2406,18-21,Premium,Laptop,Weekend Binger
2407,18-21,Basic,Mobile,Weekend Binger
2408,18-21,Basic,TV,Weekend Binger
2409,18-21,Premium,Mobile,Premium Loyalist
2410,18-21,Basic,Mobile,Weekend Binger
2411,26-30,Basic,Mobile,Weekend Binger
2412,18-21,Premium,Mobile,Casual Scroller
2413,18-21,Free,Laptop,Weekend Binger
2414,22-25,Free,Mobile,Premium Loyalist
2415,26-30,Basic,Mobile,Casual Scroller
2416,18-21,Premium,Laptop,Casual Scroller
2417,18-21,Basic,Mobile,Casual Scroller
2418,22-25,Basic,TV,Casual Scroller
2419,22-25,Basic,Laptop,Premium Loyalist
2420,18-21,Basic,Mobile,Casual Scroller
2421,22-25,Free,TV,Premium Loyalist
2422,18-21,Basic,Mobile,Casual Scroller
2423,18-21,Free,Mobile,Casual Scroller
2424,26-30,Basic,Mobile,Casual Scroller
2425,22-25,Premium,Mobile,Weekend Binger
2426,26-30,Basic,Mobile,Casual Scroller
2427,18-21,Basic,Mobile,Weekend Binger
2428,18-21,Basic,Mobile,Weekend Binger
2429,18-21,Basic,TV,Casual Scroller
2430,18-21,Basic,Laptop,Weekend Binger
2431,18-21,Basic,Mobile,Weekend Binger
2432,18-21,Free,Mobile,Casual Scroller
2433,18-21,Premium,Laptop,Weekend Binger
2434,18-21,Basic,TV,Casual Scroller
2435,18-21,Basic,Mobile,Casual Scroller
2436,18-21,Premium,Mobile,Casual Scroller
2437,18-21,Premium,Laptop,Casual Scroller
2438,18-21,Basic,Mobile,Weekend Binger
2439,18-21,Free,Mobile,Weekend Binger
2440,18-21,Basic,Mobile,Weekend Binger
2441,18-21,Premium,Laptop,Weekend Binger
2442,22-25,Basic,Mobile,Premium Loyalist
2443,18-21,Premium,Laptop,Casual Scroller
2444,18-21,Basic,Mobile,Casual Scroller
2445,26-30,Basic,Mobile,Premium Loyalist
2446,18-21,Free,Laptop,Casual Scroller
2447,18-21,Basic,Mobile,Casual Scroller
2448,18-21,Premium,Mobile,Casual Scroller
2449,22-25,Basic,Laptop,Casual Scroller
2450,18-21,Basic,TV,Premium Loyalist
2451,22-25,Free,TV,Casual Scroller
2452,22-25,Premium,Laptop,Weekend Binger
2453,18-21,Basic,TV,Weekend Binger
2454,26-30,Basic,Mobile,Premium Loyalist
2455,22-25,Free,Mobile,Weekend Binger
2456,22-25,Basic,Mobile,Weekend Binger
2457,22-25,Basic,Mobile,Premium Loyalist
2458,22-25,Premium,Laptop,Casual Scroller
2459,22-25,Basic,TV,Weekend Binger
2460,18-21,Premium,Laptop,Casual Scroller
2461,18-21,Premium,Laptop,Casual Scroller
2462,22-25,Basic,Mobile,Casual Scroller
2463,18-21,Premium,Mobile,Casual Scroller
2464,26-30,Basic,Mobile,Weekend Binger
2465,22-25,Basic,TV,Casual Scroller
2466,18-21,Premium,Mobile,Casual Scroller
2467,18-21,Free,Mobile,Premium Loyalist
2468,18-21,Basic,Mobile,Casual Scroller
2469,22-25,Premium,Mobile,Casual Scroller
2470,26-30,Free,Mobile,Casual Scroller
2471,22-25,Basic,Mobile,Weekend Binger
2472,18-21,Free,Mobile,Weekend Binger
2473,22-25,Basic,Mobile,Weekend Binger
2474,18-21,Premium,Mobile,Weekend Binger
2475,22-25,Premium,Mobile,Casual Scroller
2476,22-25,Premium,Laptop,Weekend Binger
2477,26-30,Premium,TV,Premium Loyalist
2478,18-21,Free,Laptop,Weekend Binger
2479,26-30,Premium,Mobile,Premium Loyalist
2480,22-25,Free,Laptop,Premium Loyalist
2481,22-25,Premium,Mobile,Weekend Binger
2482,18-21,Basic,Mobile,Premium Loyalist
2483,22-25,Basic,Mobile,Casual Scroller
2484,22-25,Basic,Laptop,Casual Scroller
2485,18-21,Premium,Mobile,Casual Scroller
2486,18-21,Premium,Mobile,Premium Loyalist
2487,18-21,Basic,TV,Casual Scroller
2488,22-25,Premium,Mobile,Premium Loyalist
2489,22-25,Premium,Laptop,Casual Scroller
2490,18-21,Basic,Mobile,Casual Scroller
2491,26-30,Basic,Mobile,Premium Loyalist
2492,18-21,Basic,Mobile,Casual Scroller
2493,18-21,Basic,Laptop,Casual Scroller
2494,26-30,Free,Laptop,Weekend Binger
2495,18-21,Free,Laptop,Premium Loyalist
2496,18-21,Basic,Mobile,Premium Loyalist
2497,22-25,Free,Mobile,Casual Scroller
2498,18-21,Premium,Mobile,Casual Scroller
2499,26-30,Basic,Mobile,Casual Scroller
2500,18-21,Premium,Mobile,Premium Loyalist
2501,26-30,Basic,Laptop,Casual Scroller
2502,22-25,Premium,Mobile,Premium Loyalist
2503,18-21,Basic,Mobile,Casual Scroller
2504,26-30,Basic,Mobile,Weekend Binger
2505,22-25,Basic,Mobile,Weekend Binger
2506,18-21,Free,Mobile,Weekend Binger
2507,18-21,Basic,TV,Casual Scroller
2508,18-21,Basic,Mobile,Casual Scroller
2509,26-30,Free,Laptop,Weekend Binger
2510,18-21,Basic,Mobile,Casual Scroller
2511,18-21,Basic,Mobile,Weekend Binger
2512,18-21,Basic,Mobile,Premium Loyalist
2513,18-21,Premium,Laptop,Weekend Binger
2514,22-25,Basic,Mobile,Casual Scroller
2515,18-21,Free,Laptop,Weekend Binger
2516,22-25,Basic,TV,Casual Scroller
2517,18-21,Basic,Laptop,Premium Loyalist
2518,18-21,Premium,Laptop,Weekend Binger
2519,22-25,Basic,Mobile,Casual Scroller
2520,26-30,Free,Laptop,Premium Loyalist
2521,18-21,Basic,Laptop,Casual Scroller
2522,22-25,Premium,Laptop,Casual Scroller
2523,18-21,Basic,Mobile,Weekend Binger
2524,22-25,Basic,Mobile,Casual Scroller
2525,22-25,Premium,TV,Casual Scroller
2526,18-21,Premium,Laptop,Weekend Binger
2527,22-25,Premium,Mobile,Weekend Binger
2528,22-25,Basic,Mobile,Weekend Binger
2529,22-25,Basic,TV,Casual Scroller
2530,22-25,Basic,Mobile,Premium Loyalist
2531,26-30,Basic,Laptop,Weekend Binger
2532,26-30,Basic,Mobile,Casual Scroller
2533,18-21,Basic,TV,Weekend Binger
2534,18-21,Free,Laptop,Casual Scroller
2535,22-25,Basic,Mobile,Casual Scroller
2536,18-21,Basic,Laptop,Premium Loyalist
2537,26-30,Basic,Mobile,Casual Scroller
2538,18-21,Premium,Mobile,Casual Scroller
2539,26-30,Free,Mobile,Casual Scroller
2540,18-21,Basic,Mobile,Casual Scroller
2541,18-21,Premium,Mobile,Premium Loyalist
2542,22-25,Basic,TV,Casual Scroller
2543,18-21,Basic,Mobile,Weekend Binger
2544,18-21,Basic,Laptop,Weekend Binger
2545,22-25,Basic,Mobile,Weekend Binger
2546,18-21,Premium,Mobile,Premium Loyalist
2547,22-25,Basic,Mobile,Weekend Binger
2548,22-25,Basic,Laptop,Casual Scroller
2549,22-25,Basic,Mobile,Casual Scroller
2550,22-25,Basic,Mobile,Casual Scroller
2551,26-30,Basic,Laptop,Casual Scroller
2552,26-30,Free,Laptop,Premium Loyalist
2553,22-25,Basic,Mobile,Weekend Binger
2554,18-21,Basic,Mobile,Weekend Binger
2555,18-21,Basic,Mobile,Casual Scroller
2556,26-30,Free,Laptop,Weekend Binger
2557,18-21,Basic,Laptop,Casual Scroller
2558,18-21,Premium,Mobile,Casual Scroller
2559,22-25,Premium,TV,Casual Scroller
2560,22-25,Premium,Laptop,Casual Scroller
2561,22-25,Free,Laptop,Premium Loyalist
2562,18-21,Premium,Laptop,Weekend Binger
2563,22-25,Basic,Mobile,Weekend Binger
2564,22-25,Basic,Mobile,Casual Scroller
2565,26-30,Premium,Laptop,Weekend Binger
2566,18-21,Premium,Mobile,Premium Loyalist
2567,22-25,Free,Mobile,Casual Scroller
2568,18-21,Premium,Mobile,Premium Loyalist
2569,26-30,Basic,Laptop,Casual Scroller
2570,18-21,Basic,Laptop,Weekend Binger
2571,26-30,Basic,Mobile,Casual Scroller
2572,26-30,Basic,Mobile,Premium Loyalist
2573,18-21,Premium,Mobile,Weekend Binger
2574,22-25,Basic,Mobile,Casual Scroller
2575,26-30,Basic,Mobile,Casual Scroller
2576,18-21,Premium,Mobile,Casual Scroller
2577,18-21,Basic,Mobile,Weekend Binger
2578,22-25,Free,Mobile,Weekend Binger
2579,18-21,Free,Mobile,Weekend Binger
2580,26-30,Basic,Laptop,Weekend Binger
2581,18-21,Free,Laptop,Weekend Binger
2582,22-25,Free,Mobile,Casual Scroller
2583,22-25,Basic,Mobile,Premium Loyalist
2584,22-25,Premium,Mobile,Premium Loyalist
2585,18-21,Premium,TV,Casual Scroller
2586,26-30,Free,Laptop,Premium Loyalist
2587,22-25,Free,Laptop,Casual Scroller
2588,18-21,Basic,TV,Premium Loyalist
2589,18-21,Basic,Mobile,Premium Loyalist
2590,18-21,Premium,Mobile,Weekend Binger
2591,22-25,Basic,Mobile,Premium Loyalist
2592,18-21,Premium,TV,Casual Scroller
2593,18-21,Basic,Laptop,Casual Scroller
2594,22-25,Premium,TV,Casual Scroller
2595,22-25,Basic,Laptop,Casual Scroller
2596,22-25,Premium,Mobile,Casual Scroller
2597,22-25,Premium,Mobile,Weekend Binger
2598,18-21,Free,Mobile,Casual Scroller
2599,18-21,Basic,Mobile,Premium Loyalist
2600,18-21,Premium,Mobile,Casual Scroller
2601,18-21,Premium,Mobile,Casual Scroller
2602,26-30,Basic,Mobile,Casual Scroller
2603,18-21,Premium,Laptop,Weekend Binger
2604,22-25,Basic,Mobile,Weekend Binger
2605,18-21,Basic,Mobile,Weekend Binger
2606,18-21,Free,Laptop,Casual Scroller
2607,22-25,Free,Mobile,Casual Scroller
2608,18-21,Free,Mobile,Casual Scroller
2609,22-25,Premium,Mobile,Weekend Binger
2610,18-21,Premium,Laptop,Casual Scroller
2611,22-25,Basic,Mobile,Casual Scroller
2612,22-25,Basic,Mobile,Casual Scroller
2613,18-21,Basic,Laptop,Casual Scroller
2614,18-21,Free,Laptop,Weekend Binger
2615,22-25,Premium,Mobile,Weekend Binger
2616,18-21,Premium,Mobile,Casual Scroller
2617,18-21,Premium,Mobile,Casual Scroller
2618,26-30,Basic,Mobile,Weekend Binger
2619,22-25,Basic,Mobile,Premium Loyalist
2620,18-21,Free,Mobile,Weekend Binger
2621,22-25,Basic,Mobile,Casual Scroller
2622,18-21,Basic,Laptop,Weekend Binger
2623,18-21,Premium,Laptop,Weekend Binger
2624,18-21,Premium,Laptop,Weekend Binger
2625,22-25,Basic,TV,Casual Scroller
2626,18-21,Free,TV,Casual Scroller
2627,18-21,Basic,Laptop,Casual Scroller
2628,22-25,Basic,Mobile,Casual Scroller
2629,18-21,Basic,Mobile,Premium Loyalist
2630,18-21,Free,Mobile,Casual Scroller
2631,18-21,Basic,Mobile,Premium Loyalist
2632,22-25,Premium,Mobile,Weekend Binger
2633,22-25,Basic,Mobile,Weekend Binger
2634,18-21,Basic,Mobile,Premium Loyalist
2635,26-30,Basic,Mobile,Casual Scroller
2636,22-25,Basic,TV,Weekend Binger
2637,18-21,Premium,Mobile,Weekend Binger
2638,26-30,Premium,Mobile,Weekend Binger
2639,22-25,Premium,Mobile,Casual Scroller
2640,18-21,Basic,Mobile,Weekend Binger
2641,26-30,Basic,Mobile,Weekend Binger
2642,18-21,Basic,Mobile,Casual Scroller
2643,18-21,Free,Mobile,Casual Scroller
2644,22-25,Premium,Laptop,Weekend Binger
2645,18-21,Basic,Laptop,Weekend Binger
2646,22-25,Basic,Laptop,Weekend Binger
2647,18-21,Basic,Mobile,Weekend Binger
2648,18-21,Basic,Mobile,Casual Scroller
2649,22-25,Free,Mobile,Premium Loyalist
2650,22-25,Premium,Mobile,Casual Scroller
2651,22-25,Premium,Mobile,Casual Scroller
2652,18-21,Basic,Mobile,Weekend Binger
2653,18-21,Premium,Mobile,Casual Scroller
2654,18-21,Basic,Laptop,Casual Scroller
2655,18-21,Basic,Mobile,Casual Scroller
2656,18-21,Basic,Mobile,Premium Loyalist
2657,22-25,Free,Mobile,Casual Scroller
2658,22-25,Basic,Mobile,Premium Loyalist
2659,22-25,Premium,Laptop,Casual Scroller
2660,22-25,Free,Mobile,Casual Scroller
2661,18-21,Basic,TV,Weekend Binger
2662,18-21,Basic,Laptop,Casual Scroller
2663,18-21,Basic,Laptop,Premium Loyalist
2664,26-30,Premium,Laptop,Casual Scroller
2665,22-25,Basic,TV,Casual Scroller
2666,18-21,Basic,Mobile,Weekend Binger
2667,22-25,Basic,Mobile,Weekend Binger
2668,22-25,Basic,Mobile,Weekend Binger
2669,18-21,Basic,Laptop,Weekend Binger
2670,22-25,Premium,Mobile,Casual Scroller
2671,18-21,Basic,Mobile,Casual Scroller
2672,18-21,Premium,Mobile,Casual Scroller
2673,18-21,Basic,Mobile,Casual Scroller
2674,22-25,Free,Mobile,Casual Scroller
2675,22-25,Free,Laptop,Weekend Binger
2676,18-21,Premium,Laptop,Weekend Binger
2677,22-25,Free,Mobile,Casual Scroller
2678,18-21,Basic,Mobile,Casual Scroller
2679,18-21,Premium,Mobile,Premium Loyalist
2680,22-25,Basic,TV,Casual Scroller
2681,18-21,Premium,Mobile,Casual Scroller
2682,18-21,Basic,TV,Weekend Binger
2683,22-25,Premium,Mobile,Weekend Binger
2684,18-21,Basic,Mobile,Weekend Binger
2685,22-25,Basic,TV,Casual Scroller
2686,18-21,Basic,Mobile,Casual Scroller
2687,18-21,Premium,Mobile,Weekend Binger
2688,18-21,Basic,Mobile,Casual Scroller
2689,18-21,Basic,TV,Weekend Binger
2690,26-30,Premium,Mobile,Weekend Binger
2691,18-21,Basic,Laptop,Weekend Binger
2692,22-25,Premium,Mobile,Casual Scroller
2693,22-25,Basic,Laptop,Casual Scroller
2694,18-21,Basic,Laptop,Premium Loyalist
2695,22-25,Basic,Mobile,Weekend Binger
2696,22-25,Basic,Mobile,Weekend Binger
2697,26-30,Free,Mobile,Casual Scroller
2698,22-25,Basic,Mobile,Casual Scroller
2699,22-25,Basic,Laptop,Premium Loyalist
2700,22-25,Free,Mobile,Premium Loyalist
2701,26-30,Basic,Mobile,Casual Scroller
2702,26-30,Premium,Mobile,Weekend Binger
2703,22-25,Premium,Mobile,Casual Scroller
2704,26-30,Basic,Mobile,Casual Scroller
2705,22-25,Premium,Mobile,Casual Scroller
2706,18-21,Basic,Mobile,Casual Scroller
2707,22-25,Basic,Laptop,Casual Scroller
2708,18-21,Basic,Mobile,Weekend Binger
2709,18-21,Free,Mobile,Casual Scroller
2710,18-21,Basic,Mobile,Weekend Binger
2711,22-25,Free,Mobile,Casual Scroller
2712,18-21,Basic,TV,Casual Scroller
2713,18-21,Basic,TV,Weekend Binger
2714,22-25,Basic,TV,Weekend Binger
2715,18-21,Premium,Mobile,Casual Scroller
2716,18-21,Premium,Mobile,Casual Scroller
2717,18-21,Basic,Mobile,Weekend Binger
2718,18-21,Premium,Mobile,Casual Scroller
2719,22-25,Free,Laptop,Weekend Binger
2720,22-25,Premium,Mobile,Casual Scroller
2721,22-25,Basic,Mobile,Weekend Binger
2722,18-21,Basic,Mobile,Weekend Binger
2723,22-25,Premium,Mobile,Casual Scroller
2724,18-21,Basic,Laptop,Casual Scroller
2725,18-21,Basic,Laptop,Weekend Binger
2726,22-25,Premium,Laptop,Casual Scroller
2727,18-21,Basic,Mobile,Premium Loyalist
2728,18-21,Basic,TV,Premium Loyalist
2729,18-21,Basic,Mobile,Premium Loyalist
2730,22-25,Free,Laptop,Weekend Binger
2731,26-30,Premium,TV,Weekend Binger
2732,18-21,Premium,Mobile,Weekend Binger
2733,26-30,Premium,Mobile,Casual Scroller
2734,26-30,Basic,Laptop,Casual Scroller
2735,26-30,Premium,Laptop,Weekend Binger
2736,22-25,Basic,Mobile,Weekend Binger
2737,22-25,Basic,Mobile,Casual Scroller
2738,18-21,Basic,Mobile,Premium Loyalist
2739,22-25,Basic,Mobile,Weekend Binger
2740,18-21,Basic,Laptop,Casual Scroller
2741,18-21,Premium,Mobile,Weekend Binger
2742,22-25,Premium,Mobile,Premium Loyalist
2743,26-30,Basic,Laptop,Weekend Binger
2744,22-25,Premium,Mobile,Casual Scroller
2745,18-21,Basic,Mobile,Weekend Binger
2746,18-21,Basic,Mobile,Weekend Binger
2747,26-30,Basic,Mobile,Casual Scroller
2748,18-21,Free,Mobile,Weekend Binger
2749,22-25,Basic,Mobile,Casual Scroller
2750,22-25,Basic,Mobile,Premium Loyalist
2751,22-25,Basic,Mobile,Weekend Binger
2752,22-25,Basic,TV,Weekend Binger
2753,22-25,Basic,Laptop,Casual Scroller
2754,18-21,Basic,Mobile,Weekend Binger
2755,26-30,Free,Mobile,Weekend Binger
2756,18-21,Basic,Mobile,Casual Scroller
2757,18-21,Basic,Laptop,Weekend Binger
2758,18-21,Basic,Mobile,Casual Scroller
2759,26-30,Basic,Laptop,Casual Scroller
2760,26-30,Basic,Mobile,Weekend Binger
2761,26-30,Basic,Mobile,Casual Scroller
2762,18-21,Premium,Laptop,Premium Loyalist
2763,22-25,Free,Mobile,Weekend Binger
2764,18-21,Premium,Mobile,Casual Scroller
2765,22-25,Free,Mobile,Weekend Binger
2766,22-25,Premium,Mobile,Weekend Binger
2767,22-25,Basic,Laptop,Weekend Binger
2768,22-25,Basic,Mobile,Casual Scroller
2769,22-25,Basic,Mobile,Premium Loyalist
2770,18-21,Basic,Laptop,Casual Scroller
2771,18-21,Basic,TV,Weekend Binger
2772,26-30,Premium,TV,Casual Scroller
2773,22-25,Basic,Mobile,Casual Scroller
2774,26-30,Basic,TV,Weekend Binger
2775,18-21,Basic,Mobile,Casual Scroller
2776,18-21,Basic,Mobile,Premium Loyalist
2777,18-21,Basic,Mobile,Casual Scroller
2778,18-21,Premium,TV,Casual Scroller
2779,22-25,Free,Laptop,Weekend Binger
2780,18-21,Premium,Mobile,Casual Scroller
2781,26-30,Premium,Mobile,Weekend Binger
2782,18-21,Free,TV,Casual Scroller
2783,26-30,Free,Mobile,Weekend Binger
2784,18-21,Premium,Laptop,Casual Scroller
2785,18-21,Premium,Mobile,Casual Scroller
2786,18-21,Free,Mobile,Casual Scroller
2787,18-21,Basic,Mobile,Weekend Binger
2788,18-21,Basic,Mobile,Weekend Binger
2789,22-25,Free,Mobile,Casual Scroller
2790,26-30,Free,Mobile,Weekend Binger
2791,18-21,Free,Mobile,Premium Loyalist
2792,18-21,Basic,Mobile,Premium Loyalist
2793,18-21,Premium,Mobile,Weekend Binger
2794,18-21,Basic,Laptop,Casual Scroller
2795,22-25,Basic,Mobile,Casual Scroller
2796,26-30,Basic,Mobile,Casual Scroller
2797,18-21,Premium,Mobile,Weekend Binger
2798,22-25,Basic,Mobile,Weekend Binger
2799,18-21,Free,TV,Weekend Binger
2800,18-21,Free,Laptop,Casual Scroller
2801,18-21,Premium,Mobile,Weekend Binger
2802,18-21,Premium,TV,Casual Scroller
2803,18-21,Basic,TV,Premium Loyalist
2804,18-21,Premium,Mobile,Weekend Binger
2805,18-21,Premium,Mobile,Casual Scroller
2806,26-30,Free,TV,Premium Loyalist
2807,26-30,Basic,Mobile,Weekend Binger
2808,26-30,Premium,Mobile,Weekend Binger
2809,18-21,Basic,Mobile,Premium Loyalist
2810,26-30,Basic,Mobile,Weekend Binger
2811,22-25,Free,TV,Casual Scroller
2812,26-30,Basic,TV,Casual Scroller
2813,18-21,Basic,TV,Weekend Binger
2814,18-21,Premium,Mobile,Premium Loyalist
2815,18-21,Premium,Laptop,Weekend Binger
2816,18-21,Free,Mobile,Casual Scroller
2817,22-25,Basic,Laptop,Weekend Binger
2818,18-21,Free,TV,Casual Scroller
2819,22-25,Basic,Laptop,Casual Scroller
2820,22-25,Free,Mobile,Weekend Binger
2821,18-21,Free,Mobile,Casual Scroller
2822,22-25,Free,Mobile,Casual Scroller
2823,18-21,Basic,TV,Weekend Binger
2824,22-25,Premium,TV,Casual Scroller
2825,18-21,Basic,Laptop,Weekend Binger
2826,22-25,Premium,Mobile,Weekend Binger
2827,22-25,Premium,Mobile,Premium Loyalist
2828,22-25,Premium,TV,Casual Scroller
2829,18-21,Basic,Mobile,Casual Scroller
2830,22-25,Basic,Mobile,Premium Loyalist
2831,18-21,Free,TV,Casual Scroller
2832,18-21,Free,Laptop,Weekend Binger
2833,18-21,Premium,Laptop,Casual Scroller
2834,26-30,Basic,Laptop,Casual Scroller
2835,22-25,Premium,Mobile,Casual Scroller
2836,22-25,Premium,Mobile,Casual Scroller
2837,22-25,Basic,Mobile,Weekend Binger
2838,22-25,Free,Mobile,Premium Loyalist
2839,18-21,Basic,TV,Weekend Binger
2840,22-25,Basic,TV,Casual Scroller
2841,18-21,Premium,TV,Casual Scroller
2842,26-30,Basic,Mobile,Casual Scroller
2843,22-25,Basic,Mobile,Weekend Binger
2844,22-25,Basic,Mobile,Casual Scroller
2845,18-21,Free,Mobile,Weekend Binger
2846,22-25,Basic,Mobile,Weekend Binger
2847,22-25,Free,Mobile,Weekend Binger
2848,22-25,Premium,Mobile,Casual Scroller
2849,22-25,Free,Mobile,Casual Scroller
2850,18-21,Basic,Mobile,Weekend Binger
2851,22-25,Free,Laptop,Casual Scroller
2852,26-30,Premium,Mobile,Casual Scroller
2853,18-21,Basic,Mobile,Casual Scroller
2854,18-21,Basic,Mobile,Casual Scroller
2855,22-25,Premium,Laptop,Casual Scroller
2856,18-21,Basic,Mobile,Weekend Binger
2857,22-25,Free,TV,Casual Scroller
2858,22-25,Basic,Mobile,Weekend Binger
2859,18-21,Premium,Mobile,Casual Scroller
2860,26-30,Basic,Mobile,Weekend Binger
2861,22-25,Premium,Mobile,Casual Scroller
2862,22-25,Premium,Laptop,Casual Scroller
2863,22-25,Basic,Laptop,Casual Scroller
2864,18-21,Basic,Mobile,Weekend Binger
2865,18-21,Basic,Mobile,Casual Scroller
2866,22-25,Premium,Laptop,Weekend Binger
2867,26-30,Basic,Mobile,Casual Scroller
2868,22-25,Premium,Mobile,Weekend Binger
2869,22-25,Basic,Mobile,Premium Loyalist
2870,22-25,Premium,Mobile,Casual Scroller
2871,22-25,Basic,Mobile,Casual Scroller
2872,22-25,Free,TV,Weekend Binger
2873,18-21,Basic,Mobile,Casual Scroller
2874,18-21,Premium,Mobile,Weekend Binger
2875,18-21,Basic,Mobile,Casual Scroller
2876,18-21,Premium,TV,Weekend Binger
2877,18-21,Free,Laptop,Weekend Binger
2878,18-21,Basic,Mobile,Premium Loyalist
2879,18-21,Basic,Mobile,Casual Scroller
2880,22-25,Basic,Mobile,Weekend Binger
2881,18-21,Free,Mobile,Weekend Binger
2882,18-21,Basic,Laptop,Casual Scroller
2883,22-25,Premium,Mobile,Premium Loyalist
2884,22-25,Basic,Mobile,Weekend Binger
2885,22-25,Premium,Laptop,Casual Scroller
2886,18-21,Basic,Mobile,Weekend Binger
2887,22-25,Basic,Mobile,Casual Scroller
2888,26-30,Premium,Laptop,Weekend Binger
2889,22-25,Basic,Mobile,Weekend Binger
2890,18-21,Basic,Laptop,Casual Scroller
2891,26-30,Free,Mobile,Weekend Binger
2892,18-21,Premium,TV,Casual Scroller
2893,22-25,Basic,Laptop,Premium Loyalist
2894,22-25,Premium,Mobile,Weekend Binger
2895,26-30,Basic,Mobile,Weekend Binger
2896,22-25,Basic,Mobile,Casual Scroller
2897,18-21,Basic,Mobile,Casual Scroller
2898,18-21,Basic,TV,Casual Scroller
2899,18-21,Basic,Laptop,Casual Scroller
2900,18-21,Basic,Laptop,Premium Loyalist
2901,18-21,Free,Mobile,Weekend Binger
2902,18-21,Basic,Mobile,Weekend Binger
2903,18-21,Basic,Mobile,Weekend Binger
2904,26-30,Premium,Laptop,Casual Scroller
2905,18-21,Basic,Laptop,Casual Scroller
2906,18-21,Basic,Mobile,Casual Scroller
2907,18-21,Basic,Laptop,Weekend Binger
2908,18-21,Free,Mobile,Weekend Binger
2909,18-21,Premium,TV,Weekend Binger
2910,22-25,Basic,Laptop,Casual Scroller
2911,26-30,Premium,Mobile,Weekend Binger
2912,18-21,Premium,Mobile,Casual Scroller
2913,18-21,Free,Mobile,Weekend Binger
2914,18-21,Premium,Mobile,Casual Scroller
2915,18-21,Basic,Laptop,Weekend Binger
2916,18-21,Basic,Mobile,Premium Loyalist
2917,18-21,Premium,Laptop,Weekend Binger
2918,22-25,Premium,TV,Casual Scroller
2919,22-25,Premium,Mobile,Casual Scroller
2920,22-25,Premium,Laptop,Premium Loyalist
2921,22-25,Free,Laptop,Casual Scroller
2922,26-30,Basic,Mobile,Casual Scroller
2923,18-21,Basic,Laptop,Weekend Binger
2924,18-21,Basic,Mobile,Casual Scroller
2925,22-25,Basic,TV,Weekend Binger
2926,18-21,Free,Mobile,Casual Scroller
2927,26-30,Free,Mobile,Premium Loyalist
2928,18-21,Premium,Mobile,Weekend Binger
2929,18-21,Free,Laptop,Casual Scroller
2930,22-25,Free,Mobile,Weekend Binger
2931,18-21,Basic,Mobile,Weekend Binger
2932,22-25,Free,Mobile,Weekend Binger
2933,22-25,Free,Mobile,Premium Loyalist
2934,22-25,Premium,Laptop,Premium Loyalist
2935,18-21,Free,Mobile,Casual Scroller
2936,22-25,Premium,Mobile,Premium Loyalist
2937,22-25,Premium,TV,Weekend Binger
2938,18-21,Premium,Mobile,Weekend Binger
2939,18-21,Premium,Mobile,Weekend Binger
2940,22-25,Basic,Mobile,Weekend Binger
2941,22-25,Premium,TV,Weekend Binger
2942,22-25,Basic,Mobile,Weekend Binger
2943,18-21,Basic,Mobile,Weekend Binger
2944,18-21,Premium,TV,Premium Loyalist
2945,18-21,Basic,Mobile,Weekend Binger
2946,26-30,Basic,Mobile,Premium Loyalist
2947,26-30,Basic,Mobile,Premium Loyalist
2948,18-21,Basic,Mobile,Premium Loyalist
2949,18-21,Basic,TV,Weekend Binger
2950,18-21,Premium,Mobile,Casual Scroller
2951,22-25,Premium,Laptop,Weekend Binger
2952,18-21,Basic,Mobile,Weekend Binger
2953,22-25,Premium,Mobile,Casual Scroller
2954,18-21,Basic,TV,Weekend Binger
2955,18-21,Premium,Laptop,Casual Scroller
2956,26-30,Premium,TV,Weekend Binger
2957,22-25,Basic,Mobile,Casual Scroller
2958,22-25,Premium,Mobile,Weekend Binger
2959,18-21,Free,Mobile,Weekend Binger
2960,18-21,Free,Laptop,Premium Loyalist
2961,22-25,Basic,Mobile,Weekend Binger
2962,18-21,Basic,Mobile,Weekend Binger
2963,18-21,Free,Mobile,Casual Scroller
2964,26-30,Free,Mobile,Weekend Binger
2965,22-25,Basic,TV,Casual Scroller
2966,26-30,Free,Mobile,Casual Scroller
2967,18-21,Premium,TV,Weekend Binger
2968,18-21,Free,Mobile,Casual Scroller
2969,18-21,Premium,Laptop,Casual Scroller
2970,22-25,Basic,Mobile,Weekend Binger
2971,18-21,Free,Mobile,Weekend Binger
2972,18-21,Basic,Laptop,Casual Scroller
2973,18-21,Basic,Mobile,Casual Scroller
2974,22-25,Basic,Mobile,Casual Scroller
2975,26-30,Premium,Laptop,Weekend Binger
2976,18-21,Basic,Laptop,Casual Scroller
2977,18-21,Basic,Mobile,Weekend Binger
2978,18-21,Free,Mobile,Weekend Binger
2979,18-21,Premium,Mobile,Weekend Binger
2980,26-30,Free,TV,Casual Scroller
2981,18-21,Free,Mobile,Weekend Binger
2982,22-25,Basic,Mobile,Weekend Binger
2983,18-21,Basic,Mobile,Weekend Binger
2984,18-21,Basic,Mobile,Weekend Binger
2985,22-25,Free,Mobile,Weekend Binger
2986,22-25,Premium,Mobile,Casual Scroller
2987,22-25,Basic,TV,Premium Loyalist
2988,22-25,Free,Laptop,Premium Loyalist
2989,22-25,Basic,Mobile,Casual Scroller
2990,18-21,Basic,Laptop,Casual Scroller
2991,18-21,Free,Mobile,Casual Scroller
2992,26-30,Premium,Laptop,Weekend Binger
2993,22-25,Premium,TV,Premium Loyalist
2994,22-25,Premium,Mobile,Casual Scroller
2995,22-25,Premium,Laptop,Weekend Binger
2996,18-21,Basic,Laptop,Weekend Binger
2997,18-21,Free,TV,Weekend Binger
2998,18-21,Premium,Mobile,Weekend Binger
2999,18-21,Basic,Mobile,Weekend Binger
3000,18-21,Free,Mobile,Weekend Binger
3001,22-25,Basic,Mobile,Premium Loyalist
3002,18-21,Basic,TV,Weekend Binger
3003,18-21,Premium,Mobile,Weekend Binger
3004,18-21,Basic,Mobile,Casual Scroller
3005,18-21,Premium,Laptop,Weekend Binger
3006,22-25,Basic,TV,Weekend Binger
3007,18-21,Basic,Mobile,Casual Scroller
3008,18-21,Basic,Mobile,Casual Scroller
3009,18-21,Basic,Laptop,Casual Scroller
3010,18-21,Basic,Mobile,Premium Loyalist
3011,22-25,Basic,Laptop,Casual Scroller
3012,18-21,Basic,Mobile,Weekend Binger
3013,22-25,Basic,Mobile,Weekend Binger
3014,18-21,Basic,Laptop,Weekend Binger
3015,22-25,Premium,Mobile,Weekend Binger
3016,18-21,Basic,Laptop,Casual Scroller
3017,22-25,Premium,Mobile,Premium Loyalist
3018,18-21,Premium,Mobile,Weekend Binger
3019,22-25,Basic,Mobile,Casual Scroller
3020,22-25,Premium,TV,Casual Scroller
3021,22-25,Premium,Laptop,Casual Scroller
3022,22-25,Premium,Laptop,Weekend Binger
3023,18-21,Basic,Mobile,Weekend Binger
3024,18-21,Basic,Laptop,Weekend Binger
3025,18-21,Premium,Mobile,Casual Scroller
3026,22-25,Free,Mobile,Casual Scroller
3027,22-25,Free,Mobile,Casual Scroller
3028,22-25,Free,Mobile,Weekend Binger
3029,18-21,Premium,Laptop,Weekend Binger
3030,18-21,Free,TV,Weekend Binger
3031,22-25,Premium,Mobile,Casual Scroller
3032,18-21,Basic,Mobile,Weekend Binger
3033,26-30,Basic,TV,Weekend Binger
3034,22-25,Premium,Mobile,Weekend Binger
3035,18-21,Basic,Laptop,Weekend Binger
3036,26-30,Free,Mobile,Weekend Binger
3037,22-25,Basic,Mobile,Weekend Binger
3038,18-21,Free,Mobile,Casual Scroller
3039,22-25,Basic,Mobile,Casual Scroller
3040,26-30,Basic,Mobile,Weekend Binger
3041,18-21,Premium,Mobile,Weekend Binger
3042,22-25,Premium,Laptop,Weekend Binger
3043,26-30,Basic,Mobile,Casual Scroller
3044,22-25,Basic,TV,Weekend Binger
3045,18-21,Basic,TV,Weekend Binger
3046,22-25,Premium,Mobile,Casual Scroller
3047,22-25,Premium,Laptop,Casual Scroller
3048,18-21,Basic,TV,Premium Loyalist
3049,18-21,Premium,Mobile,Casual Scroller
3050,18-21,Free,TV,Casual Scroller
3051,18-21,Free,Laptop,Weekend Binger
3052,22-25,Basic,TV,Casual Scroller
3053,26-30,Premium,Mobile,Casual Scroller
3054,18-21,Basic,Mobile,Weekend Binger
3055,26-30,Premium,TV,Weekend Binger
3056,18-21,Free,Mobile,Casual Scroller
3057,18-21,Premium,Mobile,Weekend Binger
3058,22-25,Basic,Mobile,Casual Scroller
3059,22-25,Free,Mobile,Weekend Binger
3060,18-21,Basic,Mobile,Casual Scroller
3061,22-25,Premium,Mobile,Weekend Binger
3062,18-21,Basic,Laptop,Casual Scroller
3063,18-21,Free,Laptop,Weekend Binger
3064,18-21,Basic,Mobile,Casual Scroller
3065,18-21,Free,Laptop,Casual Scroller
3066,22-25,Basic,TV,Premium Loyalist
3067,18-21,Basic,Mobile,Casual Scroller
3068,18-21,Free,Mobile,Weekend Binger
3069,22-25,Free,TV,Casual Scroller
3070,26-30,Free,Mobile,Casual Scroller
3071,22-25,Basic,Mobile,Weekend Binger
3072,18-21,Free,Mobile,Weekend Binger
3073,22-25,Basic,Laptop,Casual Scroller
3074,18-21,Basic,Mobile,Casual Scroller
3075,22-25,Free,Mobile,Weekend Binger
3076,18-21,Premium,TV,Casual Scroller
3077,22-25,Basic,Mobile,Weekend Binger
3078,18-21,Premium,Mobile,Premium Loyalist
3079,18-21,Free,Laptop,Weekend Binger
3080,22-25,Free,Mobile,Weekend Binger
3081,18-21,Basic,Mobile,Casual Scroller
3082,22-25,Premium,Mobile,Weekend Binger
3083,18-21,Premium,Mobile,Weekend Binger
3084,18-21,Basic,Laptop,Casual Scroller
3085,18-21,Basic,TV,Weekend Binger
3086,26-30,Free,Mobile,Casual Scroller
3087,26-30,Premium,Laptop,Weekend Binger
3088,18-21,Premium,TV,Casual Scroller
3089,22-25,Premium,Mobile,Weekend Binger
3090,18-21,Basic,TV,Casual Scroller
3091,18-21,Basic,Laptop,Weekend Binger
3092,26-30,Basic,Mobile,Weekend Binger
3093,18-21,Basic,Mobile,Casual Scroller
3094,26-30,Free,TV,Casual Scroller
3095,18-21,Free,Mobile,Casual Scroller
3096,22-25,Basic,Mobile,Casual Scroller
3097,18-21,Free,Mobile,Premium Loyalist
3098,18-21,Free,Mobile,Casual Scroller
3099,18-21,Free,Mobile,Weekend Binger
3100,26-30,Free,Mobile,Casual Scroller
3101,18-21,Basic,Mobile,Casual Scroller
3102,18-21,Basic,Mobile,Casual Scroller
3103,22-25,Basic,Mobile,Casual Scroller
3104,18-21,Premium,Mobile,Weekend Binger
3105,22-25,Basic,Mobile,Casual Scroller
3106,22-25,Premium,Laptop,Premium Loyalist
3107,18-21,Premium,Mobile,Casual Scroller
3108,22-25,Premium,Mobile,Casual Scroller
3109,18-21,Basic,Laptop,Casual Scroller
3110,18-21,Basic,Mobile,Weekend Binger
3111,18-21,Basic,Laptop,Casual Scroller
3112,18-21,Basic,Mobile,Premium Loyalist
3113,26-30,Premium,Mobile,Weekend Binger
3114,26-30,Premium,Laptop,Weekend Binger
3115,18-21,Basic,Mobile,Casual Scroller
3116,22-25,Basic,Laptop,Weekend Binger
3117,22-25,Basic,TV,Casual Scroller
3118,18-21,Basic,Mobile,Casual Scroller
3119,18-21,Free,Laptop,Casual Scroller
3120,22-25,Free,Mobile,Casual Scroller
3121,18-21,Basic,Laptop,Casual Scroller
3122,18-21,Premium,TV,Weekend Binger
3123,22-25,Premium,Mobile,Weekend Binger
3124,26-30,Basic,Mobile,Casual Scroller
3125,18-21,Premium,Mobile,Premium Loyalist
3126,22-25,Basic,TV,Weekend Binger
3127,22-25,Premium,TV,Casual Scroller
3128,18-21,Premium,Mobile,Casual Scroller
3129,18-21,Basic,Mobile,Premium Loyalist
3130,18-21,Premium,Mobile,Casual Scroller
3131,18-21,Free,Mobile,Casual Scroller
3132,18-21,Basic,TV,Casual Scroller
3133,22-25,Basic,TV,Premium Loyalist
3134,18-21,Premium,Laptop,Premium Loyalist
3135,18-21,Basic,TV,Weekend Binger
3136,18-21,Premium,Mobile,Weekend Binger
3137,22-25,Free,Mobile,Casual Scroller
3138,18-21,Basic,TV,Casual Scroller
3139,26-30,Premium,Mobile,Casual Scroller
3140,26-30,Premium,TV,Weekend Binger
3141,18-21,Premium,Mobile,Weekend Binger
3142,26-30,Free,Mobile,Weekend Binger
3143,26-30,Basic,Laptop,Weekend Binger
3144,18-21,Basic,Laptop,Casual Scroller
3145,26-30,Basic,Mobile,Casual Scroller
3146,18-21,Premium,Mobile,Casual Scroller
3147,22-25,Free,Laptop,Weekend Binger
3148,26-30,Free,TV,Weekend Binger
3149,22-25,Premium,TV,Weekend Binger
3150,22-25,Basic,Mobile,Weekend Binger
3151,18-21,Basic,Mobile,Casual Scroller
3152,18-21,Free,Mobile,Weekend Binger
3153,22-25,Premium,Mobile,Casual Scroller
3154,18-21,Basic,Mobile,Weekend Binger
3155,26-30,Free,Laptop,Casual Scroller
3156,18-21,Premium,Mobile,Premium Loyalist
3157,18-21,Free,Mobile,Weekend Binger
3158,22-25,Premium,Mobile,Weekend Binger
3159,18-21,Free,Mobile,Weekend Binger
3160,18-21,Basic,Mobile,Casual Scroller
3161,22-25,Premium,TV,Weekend Binger
3162,22-25,Premium,Mobile,Casual Scroller
3163,18-21,Premium,Mobile,Weekend Binger
3164,18-21,Basic,Mobile,Casual Scroller
3165,22-25,Basic,TV,Weekend Binger
3166,18-21,Basic,Laptop,Casual Scroller
3167,26-30,Free,Mobile,Casual Scroller
3168,22-25,Basic,Mobile,Weekend Binger
3169,18-21,Basic,Mobile,Casual Scroller
3170,18-21,Basic,Mobile,Casual Scroller
3171,26-30,Basic,Mobile,Premium Loyalist
3172,22-25,Free,Laptop,Weekend Binger
3173,22-25,Basic,Mobile,Weekend Binger
3174,18-21,Premium,Laptop,Premium Loyalist
3175,22-25,Basic,Mobile,Casual Scroller
3176,18-21,Free,Laptop,Casual Scroller
3177,26-30,Basic,Mobile,Weekend Binger
3178,18-21,Basic,Laptop,Weekend Binger
3179,18-21,Premium,Mobile,Casual Scroller
3180,26-30,Free,Mobile,Casual Scroller
3181,18-21,Basic,Mobile,Premium Loyalist
3182,26-30,Free,Mobile,Casual Scroller
3183,22-25,Basic,Laptop,Weekend Binger
3184,22-25,Basic,Mobile,Casual Scroller
3185,22-25,Free,Laptop,Weekend Binger
3186,22-25,Premium,Mobile,Weekend Binger
3187,18-21,Basic,Mobile,Casual Scroller
3188,18-21,Free,TV,Weekend Binger
3189,18-21,Basic,TV,Weekend Binger
3190,26-30,Basic,Mobile,Weekend Binger
3191,18-21,Premium,TV,Weekend Binger
3192,18-21,Premium,Mobile,Weekend Binger
3193,22-25,Basic,Mobile,Casual Scroller
3194,22-25,Basic,Mobile,Casual Scroller
3195,26-30,Basic,Laptop,Weekend Binger
3196,18-21,Basic,Laptop,Casual Scroller
3197,22-25,Basic,Laptop,Casual Scroller
3198,18-21,Basic,Mobile,Weekend Binger
3199,18-21,Basic,Mobile,Weekend Binger
3200,18-21,Basic,Mobile,Casual Scroller
3201,22-25,Basic,TV,Casual Scroller
3202,22-25,Free,Laptop,Casual Scroller
3203,18-21,Basic,Mobile,Casual Scroller
3204,18-21,Free,Mobile,Weekend Binger
3205,18-21,Premium,TV,Casual Scroller
3206,18-21,Basic,TV,Casual Scroller
3207,18-21,Premium,Mobile,Premium Loyalist
3208,18-21,Free,Mobile,Casual Scroller
3209,18-21,Basic,TV,Casual Scroller
3210,18-21,Free,Mobile,Weekend Binger
3211,22-25,Basic,Mobile,Premium Loyalist
3212,26-30,Basic,Laptop,Weekend Binger
3213,18-21,Premium,Laptop,Weekend Binger
3214,26-30,Basic,Mobile,Casual Scroller
3215,22-25,Premium,Mobile,Casual Scroller
3216,18-21,Basic,Mobile,Weekend Binger
3217,22-25,Basic,Mobile,Casual Scroller
3218,22-25,Basic,Mobile,Casual Scroller
3219,18-21,Premium,Mobile,Casual Scroller
3220,18-21,Premium,Laptop,Weekend Binger
3221,18-21,Basic,Mobile,Weekend Binger
3222,22-25,Basic,Mobile,Casual Scroller
3223,22-25,Free,Mobile,Weekend Binger
3224,18-21,Basic,Mobile,Weekend Binger
3225,18-21,Basic,Laptop,Weekend Binger
3226,22-25,Free,Mobile,Casual Scroller
3227,22-25,Basic,Laptop,Weekend Binger
3228,22-25,Premium,Mobile,Weekend Binger
3229,18-21,Free,Mobile,Casual Scroller
3230,22-25,Basic,Mobile,Casual Scroller
3231,22-25,Premium,Mobile,Premium Loyalist
3232,18-21,Basic,Mobile,Weekend Binger
3233,22-25,Basic,TV,Weekend Binger
3234,26-30,Free,Laptop,Casual Scroller
3235,18-21,Basic,Laptop,Casual Scroller
3236,22-25,Basic,Mobile,Casual Scroller
3237,18-21,Basic,Laptop,Casual Scroller
3238,18-21,Premium,Laptop,Casual Scroller
3239,22-25,Free,Mobile,Weekend Binger
3240,26-30,Free,Mobile,Weekend Binger
3241,26-30,Free,Mobile,Casual Scroller
3242,18-21,Basic,Mobile,Weekend Binger
3243,26-30,Basic,Mobile,Weekend Binger
3244,18-21,Premium,Laptop,Weekend Binger
3245,18-21,Premium,Mobile,Casual Scroller
3246,22-25,Premium,Mobile,Premium Loyalist
3247,22-25,Basic,Mobile,Casual Scroller
3248,18-21,Basic,Laptop,Weekend Binger
3249,18-21,Premium,Mobile,Weekend Binger
3250,22-25,Premium,Mobile,Casual Scroller
3251,26-30,Free,Laptop,Weekend Binger
3252,18-21,Premium,Mobile,Casual Scroller
3253,18-21,Premium,Laptop,Casual Scroller
3254,22-25,Premium,Mobile,Casual Scroller
3255,22-25,Premium,Mobile,Premium Loyalist
3256,18-21,Premium,Mobile,Casual Scroller
3257,18-21,Basic,Mobile,Weekend Binger
3258,18-21,Basic,Mobile,Casual Scroller
3259,18-21,Basic,Mobile,Premium Loyalist
3260,22-25,Basic,Mobile,Weekend Binger
3261,22-25,Premium,Mobile,Casual Scroller
3262,22-25,Free,Mobile,Casual Scroller
3263,22-25,Free,Mobile,Weekend Binger
3264,26-30,Premium,Mobile,Weekend Binger
3265,18-21,Basic,TV,Casual Scroller
3266,18-21,Premium,Mobile,Weekend Binger
3267,22-25,Premium,TV,Premium Loyalist
3268,22-25,Premium,Mobile,Weekend Binger
3269,22-25,Free,Laptop,Casual Scroller
3270,26-30,Premium,Mobile,Casual Scroller
3271,18-21,Basic,Mobile,Casual Scroller
3272,18-21,Premium,Mobile,Casual Scroller
3273,22-25,Premium,TV,Casual Scroller
3274,22-25,Basic,Mobile,Weekend Binger
3275,18-21,Basic,Mobile,Casual Scroller
3276,18-21,Premium,Mobile,Premium Loyalist
3277,18-21,Free,Mobile,Weekend Binger
3278,18-21,Basic,Mobile,Weekend Binger
3279,18-21,Premium,Laptop,Casual Scroller
3280,18-21,Free,Mobile,Casual Scroller
3281,22-25,Free,Mobile,Premium Loyalist
3282,22-25,Basic,Mobile,Casual Scroller
3283,22-25,Basic,Mobile,Weekend Binger
3284,22-25,Basic,Mobile,Premium Loyalist
3285,18-21,Basic,Laptop,Casual Scroller
3286,22-25,Premium,Mobile,Premium Loyalist
3287,22-25,Premium,Mobile,Casual Scroller
3288,18-21,Premium,Laptop,Premium Loyalist
3289,22-25,Premium,Mobile,Casual Scroller
3290,18-21,Premium,Mobile,Casual Scroller
3291,18-21,Basic,Mobile,Weekend Binger
3292,22-25,Basic,Laptop,Weekend Binger
3293,18-21,Free,Mobile,Weekend Binger
3294,22-25,Free,Laptop,Weekend Binger
3295,18-21,Premium,TV,Premium Loyalist
3296,18-21,Basic,Laptop,Weekend Binger
3297,22-25,Basic,Mobile,Casual Scroller
3298,18-21,Free,Mobile,Premium Loyalist
3299,18-21,Basic,Mobile,Casual Scroller
3300,18-21,Premium,Mobile,Casual Scroller
3301,18-21,Basic,Laptop,Casual Scroller
3302,18-21,Premium,Laptop,Casual Scroller
3303,22-25,Basic,Mobile,Casual Scroller
3304,26-30,Free,Mobile,Weekend Binger
3305,22-25,Basic,TV,Premium Loyalist
3306,18-21,Basic,Mobile,Casual Scroller
3307,18-21,Basic,Mobile,Casual Scroller
3308,22-25,Basic,Laptop,Weekend Binger
3309,18-21,Basic,TV,Casual Scroller
3310,22-25,Premium,Mobile,Casual Scroller
3311,22-25,Free,Mobile,Weekend Binger
3312,26-30,Basic,Mobile,Casual Scroller
3313,26-30,Free,Mobile,Casual Scroller
3314,18-21,Free,Mobile,Premium Loyalist
3315,18-21,Basic,Laptop,Casual Scroller
3316,18-21,Basic,Laptop,Weekend Binger
3317,18-21,Premium,Mobile,Casual Scroller
3318,18-21,Premium,Mobile,Casual Scroller
3319,22-25,Premium,Laptop,Casual Scroller
3320,22-25,Basic,Mobile,Casual Scroller
3321,18-21,Basic,Mobile,Weekend Binger
3322,18-21,Free,Mobile,Weekend Binger
3323,18-21,Basic,Mobile,Weekend Binger
3324,26-30,Basic,Laptop,Weekend Binger
3325,18-21,Free,Laptop,Weekend Binger
3326,18-21,Premium,Mobile,Casual Scroller
3327,18-21,Premium,Mobile,Premium Loyalist
3328,18-21,Premium,Laptop,Weekend Binger
3329,18-21,Premium,Laptop,Weekend Binger
3330,26-30,Free,TV,Weekend Binger
3331,18-21,Free,Mobile,Casual Scroller
3332,18-21,Free,Mobile,Weekend Binger
3333,18-21,Basic,Mobile,Casual Scroller
3334,18-21,Basic,Laptop,Weekend Binger
3335,26-30,Basic,Mobile,Casual Scroller
3336,18-21,Free,Mobile,Casual Scroller
3337,18-21,Basic,Mobile,Weekend Binger
3338,22-25,Premium,Mobile,Weekend Binger
3339,22-25,Premium,Mobile,Casual Scroller
3340,22-25,Basic,Laptop,Casual Scroller
3341,18-21,Premium,Mobile,Casual Scroller
3342,22-25,Basic,Mobile,Casual Scroller
3343,22-25,Basic,Mobile,Casual Scroller
3344,18-21,Free,Mobile,Weekend Binger
3345,18-21,Basic,Laptop,Casual Scroller
3346,18-21,Basic,Laptop,Casual Scroller
3347,18-21,Free,Mobile,Casual Scroller
3348,22-25,Basic,Mobile,Weekend Binger
3349,18-21,Premium,Mobile,Casual Scroller
3350,18-21,Free,Mobile,Weekend Binger
3351,18-21,Free,Mobile,Casual Scroller
3352,18-21,Basic,Laptop,Premium Loyalist
3353,18-21,Free,Mobile,Casual Scroller
3354,22-25,Basic,TV,Casual Scroller
3355,22-25,Free,Mobile,Casual Scroller
3356,18-21,Premium,Mobile,Weekend Binger
3357,22-25,Free,Laptop,Casual Scroller
3358,18-21,Basic,Mobile,Weekend Binger
3359,18-21,Basic,Laptop,Casual Scroller
3360,22-25,Basic,Mobile,Weekend Binger
3361,22-25,Basic,Mobile,Premium Loyalist
3362,18-21,Basic,Mobile,Weekend Binger
3363,18-21,Basic,TV,Weekend Binger
3364,18-21,Basic,Mobile,Casual Scroller
3365,18-21,Basic,Mobile,Premium Loyalist
3366,26-30,Basic,Mobile,Casual Scroller
3367,22-25,Basic,TV,Casual Scroller
3368,18-21,Basic,Laptop,Weekend Binger
3369,18-21,Free,Mobile,Weekend Binger
3370,18-21,Basic,Mobile,Weekend Binger
3371,26-30,Basic,Laptop,Weekend Binger
3372,18-21,Premium,TV,Weekend Binger
3373,22-25,Basic,TV,Premium Loyalist
3374,22-25,Basic,Mobile,Weekend Binger
3375,18-21,Premium,Laptop,Weekend Binger
3376,22-25,Basic,Mobile,Weekend Binger
3377,18-21,Basic,Mobile,Weekend Binger
3378,22-25,Basic,Mobile,Weekend Binger
3379,22-25,Free,TV,Casual Scroller
3380,18-21,Basic,TV,Casual Scroller
3381,22-25,Basic,Laptop,Casual Scroller
3382,18-21,Basic,Mobile,Casual Scroller
3383,18-21,Premium,TV,Premium Loyalist
3384,18-21,Basic,Laptop,Premium Loyalist
3385,22-25,Basic,Mobile,Casual Scroller
3386,18-21,Premium,Laptop,Casual Scroller
3387,18-21,Premium,Mobile,Casual Scroller
3388,18-21,Premium,Mobile,Casual Scroller
3389,18-21,Free,Mobile,Weekend Binger
3390,18-21,Free,Mobile,Premium Loyalist
3391,26-30,Basic,Laptop,Casual Scroller
3392,18-21,Basic,Mobile,Casual Scroller
3393,18-21,Basic,TV,Weekend Binger
3394,18-21,Premium,Laptop,Premium Loyalist
3395,18-21,Premium,Mobile,Casual Scroller
3396,26-30,Basic,Mobile,Casual Scroller
3397,18-21,Basic,Mobile,Casual Scroller
3398,22-25,Basic,Laptop,Weekend Binger
3399,26-30,Premium,Laptop,Weekend Binger
3400,18-21,Premium,Mobile,Weekend Binger
3401,22-25,Free,Mobile,Casual Scroller
3402,22-25,Premium,Mobile,Casual Scroller
3403,18-21,Basic,Mobile,Weekend Binger
3404,22-25,Free,Laptop,Weekend Binger
3405,22-25,Premium,Mobile,Casual Scroller
3406,18-21,Basic,TV,Weekend Binger
3407,22-25,Free,Mobile,Weekend Binger
3408,18-21,Premium,Laptop,Weekend Binger
3409,18-21,Free,Mobile,Weekend Binger
3410,18-21,Basic,Laptop,Casual Scroller
3411,18-21,Premium,Mobile,Weekend Binger
3412,18-21,Premium,Mobile,Weekend Binger
3413,18-21,Premium,Mobile,Weekend Binger
3414,18-21,Premium,Laptop,Premium Loyalist
3415,22-25,Basic,Mobile,Weekend Binger
3416,26-30,Basic,Mobile,Premium Loyalist
3417,18-21,Premium,Mobile,Casual Scroller
3418,18-21,Premium,Laptop,Casual Scroller
3419,22-25,Premium,Laptop,Premium Loyalist
3420,18-21,Premium,Mobile,Casual Scroller
3421,18-21,Free,Mobile,Weekend Binger
3422,18-21,Basic,TV,Casual Scroller
3423,22-25,Basic,Mobile,Weekend Binger
3424,18-21,Premium,Mobile,Casual Scroller
3425,26-30,Basic,TV,Weekend Binger
3426,26-30,Premium,TV,Casual Scroller
3427,18-21,Free,TV,Casual Scroller
3428,18-21,Basic,Mobile,Casual Scroller
3429,22-25,Basic,TV,Casual Scroller
3430,22-25,Premium,Mobile,Casual Scroller
3431,26-30,Premium,Laptop,Casual Scroller
3432,22-25,Basic,Laptop,Weekend Binger
3433,18-21,Free,Laptop,Weekend Binger
3434,18-21,Basic,TV,Premium Loyalist
3435,18-21,Basic,Mobile,Casual Scroller
3436,18-21,Basic,Laptop,Premium Loyalist
3437,26-30,Basic,TV,Casual Scroller
3438,22-25,Free,Mobile,Casual Scroller
3439,22-25,Basic,Mobile,Casual Scroller
3440,18-21,Basic,Mobile,Weekend Binger
3441,18-21,Premium,Mobile,Weekend Binger
3442,18-21,Basic,TV,Weekend Binger
3443,26-30,Premium,Laptop,Premium Loyalist
3444,22-25,Basic,Mobile,Weekend Binger
3445,18-21,Free,TV,Premium Loyalist
3446,22-25,Basic,Mobile,Casual Scroller
3447,22-25,Basic,Mobile,Weekend Binger
3448,22-25,Premium,Mobile,Casual Scroller
3449,26-30,Premium,Laptop,Weekend Binger
3450,26-30,Free,Mobile,Premium Loyalist
3451,22-25,Premium,Laptop,Casual Scroller
3452,18-21,Basic,Laptop,Casual Scroller
3453,22-25,Basic,Mobile,Weekend Binger
3454,18-21,Free,Mobile,Weekend Binger
3455,18-21,Basic,Laptop,Weekend Binger
3456,18-21,Premium,Mobile,Premium Loyalist
3457,18-21,Free,Mobile,Weekend Binger
3458,18-21,Free,Mobile,Casual Scroller
3459,26-30,Basic,Mobile,Casual Scroller
3460,22-25,Premium,Mobile,Premium Loyalist
3461,18-21,Basic,Laptop,Casual Scroller
3462,18-21,Basic,Mobile,Premium Loyalist
3463,22-25,Basic,Laptop,Weekend Binger
3464,18-21,Basic,Mobile,Casual Scroller
3465,18-21,Premium,Laptop,Casual Scroller
3466,18-21,Basic,Mobile,Weekend Binger
3467,18-21,Basic,Mobile,Premium Loyalist
3468,18-21,Basic,Mobile,Casual Scroller
3469,18-21,Basic,Mobile,Casual Scroller
3470,18-21,Premium,Mobile,Weekend Binger
3471,22-25,Free,Mobile,Premium Loyalist
3472,18-21,Premium,Laptop,Casual Scroller
3473,18-21,Premium,Mobile,Weekend Binger
3474,18-21,Premium,Mobile,Casual Scroller
3475,22-25,Basic,Mobile,Weekend Binger
3476,22-25,Premium,Mobile,Casual Scroller
3477,18-21,Basic,Mobile,Premium Loyalist
3478,18-21,Premium,TV,Premium Loyalist
3479,26-30,Premium,TV,Casual Scroller
3480,18-21,Premium,Laptop,Weekend Binger
3481,26-30,Basic,Mobile,Casual Scroller
3482,18-21,Basic,Mobile,Weekend Binger
3483,22-25,Premium,Mobile,Casual Scroller
3484,18-21,Basic,TV,Premium Loyalist
3485,18-21,Free,TV,Casual Scroller
3486,18-21,Free,TV,Casual Scroller
3487,18-21,Basic,Mobile,Weekend Binger
3488,22-25,Free,Mobile,Weekend Binger
3489,26-30,Basic,Mobile,Weekend Binger
3490,18-21,Free,Mobile,Weekend Binger
3491,22-25,Premium,TV,Weekend Binger
3492,26-30,Free,Mobile,Premium Loyalist
3493,22-25,Premium,Mobile,Weekend Binger
3494,18-21,Basic,Mobile,Weekend Binger
3495,18-21,Free,Mobile,Weekend Binger
3496,22-25,Free,Mobile,Weekend Binger
3497,18-21,Basic,Laptop,Weekend Binger
3498,18-21,Premium,TV,Casual Scroller
3499,18-21,Free,Laptop,Weekend Binger
3500,18-21,Basic,Mobile,Weekend Binger
3501,26-30,Free,Mobile,Premium Loyalist
3502,18-21,Basic,Mobile,Casual Scroller
3503,18-21,Premium,Mobile,Casual Scroller
3504,22-25,Basic,Mobile,Casual Scroller
3505,22-25,Basic,Mobile,Weekend Binger
3506,22-25,Free,Laptop,Weekend Binger
3507,22-25,Basic,Laptop,Weekend Binger
3508,18-21,Basic,Laptop,Casual Scroller
3509,26-30,Basic,Mobile,Weekend Binger
3510,26-30,Basic,Mobile,Casual Scroller
3511,18-21,Basic,Laptop,Casual Scroller
3512,18-21,Premium,Laptop,Casual Scroller
3513,22-25,Free,Laptop,Weekend Binger
3514,18-21,Basic,Mobile,Casual Scroller
3515,18-21,Premium,Mobile,Weekend Binger
3516,26-30,Premium,Mobile,Weekend Binger
3517,18-21,Basic,TV,Casual Scroller
3518,18-21,Basic,Mobile,Casual Scroller
3519,18-21,Basic,Mobile,Premium Loyalist
3520,18-21,Basic,Laptop,Weekend Binger
3521,18-21,Premium,Mobile,Weekend Binger
3522,18-21,Basic,Laptop,Weekend Binger
3523,18-21,Basic,Mobile,Premium Loyalist
3524,18-21,Basic,Mobile,Casual Scroller
3525,22-25,Basic,Mobile,Casual Scroller
3526,18-21,Premium,Mobile,Premium Loyalist
3527,18-21,Premium,Laptop,Weekend Binger
3528,22-25,Free,Mobile,Casual Scroller
3529,18-21,Free,TV,Weekend Binger
3530,22-25,Premium,Mobile,Casual Scroller
3531,18-21,Basic,Laptop,Casual Scroller
3532,18-21,Basic,Mobile,Casual Scroller
3533,26-30,Basic,Mobile,Casual Scroller
3534,18-21,Free,Laptop,Casual Scroller
3535,22-25,Basic,Mobile,Casual Scroller
3536,18-21,Basic,TV,Casual Scroller
3537,18-21,Premium,Mobile,Casual Scroller
3538,18-21,Basic,Mobile,Weekend Binger
3539,18-21,Basic,TV,Weekend Binger
3540,18-21,Basic,Mobile,Weekend Binger
3541,18-21,Premium,Mobile,Weekend Binger
3542,18-21,Free,Laptop,Premium Loyalist
3543,18-21,Basic,TV,Casual Scroller
3544,18-21,Basic,Mobile,Casual Scroller
3545,22-25,Premium,Laptop,Weekend Binger
3546,18-21,Basic,Mobile,Weekend Binger
3547,22-25,Free,Mobile,Weekend Binger
3548,18-21,Premium,Laptop,Casual Scroller
3549,18-21,Basic,Mobile,Casual Scroller
3550,18-21,Premium,Laptop,Casual Scroller
3551,26-30,Premium,Mobile,Casual Scroller
3552,18-21,Premium,Mobile,Casual Scroller
3553,22-25,Basic,Mobile,Weekend Binger
3554,22-25,Basic,Mobile,Weekend Binger
3555,18-21,Premium,Mobile,Weekend Binger
3556,22-25,Basic,TV,Premium Loyalist
3557,18-21,Basic,TV,Weekend Binger
3558,22-25,Free,Mobile,Premium Loyalist
3559,26-30,Basic,Mobile,Weekend Binger
3560,22-25,Basic,TV,Casual Scroller
3561,22-25,Basic,Mobile,Casual Scroller
3562,26-30,Basic,TV,Weekend Binger
3563,18-21,Basic,Mobile,Casual Scroller
3564,18-21,Basic,Mobile,Casual Scroller
3565,22-25,Premium,Laptop,Weekend Binger
3566,18-21,Free,Mobile,Casual Scroller
3567,26-30,Basic,Laptop,Casual Scroller
3568,18-21,Basic,Mobile,Weekend Binger
3569,18-21,Premium,Mobile,Casual Scroller
3570,22-25,Basic,Laptop,Casual Scroller
3571,18-21,Premium,Laptop,Casual Scroller
3572,18-21,Premium,Mobile,Premium Loyalist
3573,18-21,Premium,TV,Weekend Binger
3574,18-21,Basic,Laptop,Weekend Binger
3575,18-21,Premium,Mobile,Casual Scroller
3576,18-21,Free,Laptop,Casual Scroller
3577,18-21,Premium,Mobile,Weekend Binger
3578,18-21,Premium,Mobile,Casual Scroller
3579,22-25,Premium,Mobile,Weekend Binger
3580,22-25,Premium,Mobile,Casual Scroller
3581,22-25,Free,Mobile,Premium Loyalist
3582,18-21,Basic,Mobile,Weekend Binger
3583,22-25,Basic,TV,Casual Scroller
3584,18-21,Free,Mobile,Premium Loyalist
3585,18-21,Basic,Mobile,Casual Scroller
3586,18-21,Basic,Mobile,Casual Scroller
3587,22-25,Basic,Laptop,Weekend Binger
3588,18-21,Free,Laptop,Casual Scroller
3589,18-21,Premium,TV,Weekend Binger
3590,18-21,Premium,Mobile,Premium Loyalist
3591,26-30,Premium,Mobile,Premium Loyalist
3592,18-21,Premium,TV,Weekend Binger
3593,18-21,Premium,Mobile,Casual Scroller
3594,22-25,Free,Laptop,Premium Loyalist
3595,18-21,Basic,Mobile,Casual Scroller
3596,18-21,Basic,Laptop,Casual Scroller
3597,18-21,Basic,Mobile,Casual Scroller
3598,18-21,Basic,Laptop,Weekend Binger
3599,26-30,Basic,TV,Casual Scroller
3600,18-21,Basic,Mobile,Casual Scroller
3601,18-21,Premium,Laptop,Casual Scroller
3602,26-30,Premium,Mobile,Weekend Binger
3603,22-25,Basic,Laptop,Weekend Binger
3604,26-30,Basic,Mobile,Casual Scroller
3605,26-30,Basic,Laptop,Casual Scroller
3606,22-25,Premium,TV,Weekend Binger
3607,22-25,Basic,Laptop,Weekend Binger
3608,18-21,Premium,Mobile,Casual Scroller
3609,18-21,Premium,Mobile,Weekend Binger
3610,26-30,Basic,Laptop,Weekend Binger
3611,18-21,Basic,Mobile,Weekend Binger
3612,18-21,Free,Laptop,Weekend Binger
3613,22-25,Basic,Mobile,Weekend Binger
3614,18-21,Basic,Mobile,Premium Loyalist
3615,18-21,Free,Mobile,Premium Loyalist
3616,18-21,Basic,Laptop,Weekend Binger
3617,22-25,Basic,Mobile,Casual Scroller
3618,18-21,Basic,Mobile,Weekend Binger
3619,26-30,Premium,Mobile,Casual Scroller
3620,22-25,Free,Mobile,Premium Loyalist
3621,22-25,Free,Laptop,Casual Scroller
3622,18-21,Basic,Mobile,Casual Scroller
3623,22-25,Free,Laptop,Weekend Binger
3624,22-25,Free,TV,Premium Loyalist
3625,18-21,Basic,Mobile,Casual Scroller
3626,18-21,Basic,TV,Weekend Binger
3627,18-21,Basic,Mobile,Premium Loyalist
3628,26-30,Free,Laptop,Casual Scroller
3629,18-21,Basic,Mobile,Premium Loyalist
3630,18-21,Premium,Mobile,Weekend Binger
3631,22-25,Free,Mobile,Casual Scroller
3632,22-25,Free,Mobile,Premium Loyalist
3633,18-21,Basic,TV,Casual Scroller
3634,22-25,Free,Mobile,Casual Scroller
3635,22-25,Basic,Laptop,Premium Loyalist
3636,26-30,Basic,Mobile,Casual Scroller
3637,18-21,Free,Laptop,Casual Scroller
3638,26-30,Basic,Laptop,Casual Scroller
3639,18-21,Basic,TV,Premium Loyalist
3640,26-30,Basic,Mobile,Casual Scroller
3641,22-25,Basic,Mobile,Weekend Binger
3642,26-30,Basic,TV,Weekend Binger
3643,18-21,Premium,Mobile,Casual Scroller
3644,18-21,Free,Laptop,Weekend Binger
3645,22-25,Basic,Mobile,Casual Scroller
3646,26-30,Free,Mobile,Premium Loyalist
3647,22-25,Premium,Mobile,Weekend Binger
3648,22-25,Basic,Mobile,Casual Scroller
3649,18-21,Basic,TV,Casual Scroller
3650,18-21,Premium,Laptop,Weekend Binger
3651,22-25,Basic,Mobile,Premium Loyalist
3652,18-21,Basic,Mobile,Premium Loyalist
3653,22-25,Basic,TV,Casual Scroller
3654,18-21,Free,Mobile,Casual Scroller
3655,22-25,Basic,Laptop,Weekend Binger
3656,18-21,Premium,Mobile,Weekend Binger
3657,18-21,Basic,Mobile,Casual Scroller
3658,18-21,Basic,TV,Casual Scroller
3659,22-25,Basic,Mobile,Premium Loyalist
3660,22-25,Free,Mobile,Casual Scroller
3661,18-21,Basic,Mobile,Casual Scroller
3662,18-21,Basic,Mobile,Casual Scroller
3663,26-30,Free,Mobile,Weekend Binger
3664,18-21,Basic,Mobile,Premium Loyalist
3665,22-25,Premium,Mobile,Weekend Binger
3666,26-30,Basic,Mobile,Casual Scroller
3667,18-21,Free,Mobile,Casual Scroller
3668,18-21,Premium,Mobile,Casual Scroller
3669,22-25,Basic,Laptop,Weekend Binger
3670,22-25,Premium,Mobile,Casual Scroller
3671,22-25,Basic,Laptop,Casual Scroller
3672,22-25,Basic,Laptop,Weekend Binger
3673,26-30,Free,Laptop,Weekend Binger
3674,18-21,Basic,Mobile,Premium Loyalist
3675,18-21,Basic,Mobile,Weekend Binger
3676,18-21,Free,TV,Casual Scroller
3677,18-21,Basic,Mobile,Weekend Binger
3678,26-30,Free,Laptop,Weekend Binger
3679,26-30,Premium,Mobile,Weekend Binger
3680,22-25,Basic,TV,Casual Scroller
3681,18-21,Premium,Mobile,Weekend Binger
3682,22-25,Basic,Mobile,Weekend Binger
3683,18-21,Basic,Mobile,Casual Scroller
3684,26-30,Basic,Mobile,Casual Scroller
3685,26-30,Basic,Mobile,Weekend Binger
3686,22-25,Basic,TV,Casual Scroller
3687,22-25,Premium,Mobile,Casual Scroller
3688,18-21,Basic,Laptop,Casual Scroller
3689,18-21,Premium,Mobile,Casual Scroller
3690,22-25,Basic,Mobile,Weekend Binger
3691,22-25,Basic,Mobile,Premium Loyalist
3692,18-21,Basic,Mobile,Weekend Binger
3693,18-21,Premium,Mobile,Casual Scroller
3694,26-30,Premium,TV,Casual Scroller
3695,18-21,Free,Laptop,Casual Scroller
3696,26-30,Basic,Laptop,Casual Scroller
3697,18-21,Basic,Mobile,Casual Scroller
3698,18-21,Basic,Mobile,Weekend Binger
3699,18-21,Basic,Mobile,Casual Scroller
3700,22-25,Premium,Mobile,Casual Scroller
3701,22-25,Premium,Laptop,Premium Loyalist
3702,18-21,Basic,Mobile,Weekend Binger
3703,18-21,Premium,Mobile,Casual Scroller
3704,22-25,Basic,Laptop,Casual Scroller
3705,18-21,Basic,Laptop,Weekend Binger
3706,26-30,Premium,Mobile,Weekend Binger
3707,26-30,Premium,Mobile,Weekend Binger
3708,18-21,Free,Mobile,Weekend Binger
3709,18-21,Basic,Mobile,Casual Scroller
3710,22-25,Premium,Laptop,Premium Loyalist
3711,18-21,Basic,Laptop,Weekend Binger
3712,18-21,Free,Mobile,Casual Scroller
3713,26-30,Free,Mobile,Premium Loyalist
3714,22-25,Premium,Mobile,Weekend Binger
3715,22-25,Basic,TV,Casual Scroller
3716,18-21,Premium,Mobile,Casual Scroller
3717,18-21,Free,TV,Weekend Binger
3718,18-21,Premium,Mobile,Weekend Binger
3719,18-21,Premium,Mobile,Premium Loyalist
3720,18-21,Basic,Mobile,Weekend Binger
3721,22-25,Basic,Mobile,Casual Scroller
3722,26-30,Basic,Mobile,Casual Scroller
3723,22-25,Basic,Mobile,Weekend Binger
3724,22-25,Premium,Mobile,Weekend Binger
3725,22-25,Premium,Laptop,Premium Loyalist
3726,18-21,Basic,Mobile,Weekend Binger
3727,18-21,Premium,Mobile,Premium Loyalist
3728,26-30,Basic,Mobile,Casual Scroller
3729,22-25,Basic,Mobile,Casual Scroller
3730,22-25,Basic,Mobile,Premium Loyalist
3731,22-25,Basic,Mobile,Weekend Binger
3732,22-25,Basic,Mobile,Weekend Binger
3733,18-21,Premium,Mobile,Weekend Binger
3734,22-25,Basic,Laptop,Premium Loyalist
3735,22-25,Free,TV,Casual Scroller
3736,22-25,Free,Mobile,Casual Scroller
3737,22-25,Premium,Laptop,Casual Scroller
3738,18-21,Basic,Laptop,Premium Loyalist
3739,18-21,Basic,Laptop,Casual Scroller
3740,26-30,Premium,TV,Weekend Binger
3741,18-21,Basic,Mobile,Weekend Binger
3742,18-21,Free,Mobile,Weekend Binger
3743,26-30,Premium,Mobile,Casual Scroller
3744,18-21,Basic,Laptop,Casual Scroller
3745,18-21,Free,Mobile,Casual Scroller
3746,26-30,Premium,Mobile,Casual Scroller
3747,26-30,Premium,Laptop,Casual Scroller
3748,18-21,Basic,TV,Premium Loyalist
3749,22-25,Premium,Laptop,Casual Scroller
3750,18-21,Basic,Mobile,Weekend Binger
3751,26-30,Free,Laptop,Premium Loyalist
3752,22-25,Basic,Mobile,Casual Scroller
3753,18-21,Basic,TV,Casual Scroller
3754,26-30,Basic,Mobile,Premium Loyalist
3755,26-30,Premium,Mobile,Premium Loyalist
3756,22-25,Basic,Laptop,Weekend Binger
3757,22-25,Basic,Mobile,Casual Scroller
3758,18-21,Free,Laptop,Premium Loyalist
3759,18-21,Basic,TV,Casual Scroller
3760,18-21,Free,TV,Weekend Binger
3761,22-25,Basic,TV,Casual Scroller
3762,22-25,Free,Mobile,Casual Scroller
3763,22-25,Free,Mobile,Casual Scroller
3764,18-21,Basic,Laptop,Casual Scroller
3765,26-30,Premium,Laptop,Weekend Binger
3766,18-21,Basic,TV,Casual Scroller
3767,18-21,Basic,TV,Weekend Binger
3768,18-21,Basic,Mobile,Casual Scroller
3769,26-30,Premium,Mobile,Casual Scroller
3770,18-21,Basic,Mobile,Casual Scroller
3771,26-30,Free,Mobile,Casual Scroller
3772,22-25,Premium,Mobile,Casual Scroller
3773,22-25,Free,Mobile,Weekend Binger
3774,26-30,Free,TV,Casual Scroller
3775,22-25,Premium,Laptop,Weekend Binger
3776,18-21,Premium,Mobile,Weekend Binger
3777,26-30,Basic,Mobile,Casual Scroller
3778,22-25,Basic,Laptop,Weekend Binger
3779,18-21,Basic,Laptop,Weekend Binger
3780,18-21,Basic,Mobile,Weekend Binger
3781,26-30,Basic,Mobile,Casual Scroller
3782,26-30,Basic,Mobile,Weekend Binger
3783,18-21,Premium,Mobile,Weekend Binger
3784,22-25,Basic,Laptop,Casual Scroller
3785,18-21,Free,Mobile,Weekend Binger
3786,18-21,Premium,Mobile,Casual Scroller
3787,22-25,Premium,Mobile,Casual Scroller
3788,18-21,Basic,Laptop,Weekend Binger
3789,18-21,Basic,Mobile,Weekend Binger
3790,18-21,Premium,Laptop,Premium Loyalist
3791,18-21,Free,Mobile,Weekend Binger
3792,18-21,Free,Laptop,Weekend Binger
3793,18-21,Basic,Mobile,Weekend Binger
3794,18-21,Free,Mobile,Premium Loyalist
3795,18-21,Premium,Laptop,Premium Loyalist
3796,18-21,Free,Mobile,Weekend Binger
3797,18-21,Premium,Mobile,Weekend Binger
3798,18-21,Premium,Laptop,Casual Scroller
3799,22-25,Basic,Laptop,Weekend Binger
3800,22-25,Free,Mobile,Casual Scroller
3801,22-25,Free,Laptop,Casual Scroller
3802,18-21,Basic,Laptop,Casual Scroller
3803,18-21,Premium,Mobile,Casual Scroller
3804,22-25,Free,TV,Casual Scroller
3805,22-25,Free,Mobile,Casual Scroller
3806,22-25,Basic,Mobile,Casual Scroller
3807,18-21,Free,Mobile,Casual Scroller
3808,22-25,Basic,Laptop,Casual Scroller
3809,18-21,Premium,Mobile,Casual Scroller
3810,22-25,Basic,Laptop,Weekend Binger
3811,22-25,Basic,TV,Weekend Binger
3812,22-25,Free,Laptop,Casual Scroller
3813,22-25,Premium,Mobile,Casual Scroller
3814,18-21,Basic,Mobile,Weekend Binger
3815,18-21,Basic,Mobile,Premium Loyalist
3816,18-21,Basic,TV,Casual Scroller
3817,18-21,Free,Laptop,Premium Loyalist
3818,18-21,Basic,Mobile,Weekend Binger
3819,18-21,Premium,Mobile,Casual Scroller
3820,26-30,Free,Laptop,Premium Loyalist
3821,22-25,Free,Laptop,Weekend Binger
3822,18-21,Free,TV,Weekend Binger
3823,18-21,Basic,Mobile,Weekend Binger
3824,22-25,Basic,Laptop,Premium Loyalist
3825,22-25,Free,TV,Weekend Binger
3826,22-25,Basic,Mobile,Premium Loyalist
3827,18-21,Basic,TV,Premium Loyalist
3828,18-21,Basic,Mobile,Weekend Binger
3829,18-21,Basic,Laptop,Weekend Binger
3830,18-21,Premium,Mobile,Premium Loyalist
3831,22-25,Basic,Mobile,Casual Scroller
3832,18-21,Premium,Laptop,Casual Scroller
3833,18-21,Basic,Laptop,Weekend Binger
3834,18-21,Basic,Laptop,Weekend Binger
3835,18-21,Basic,Mobile,Casual Scroller
3836,22-25,Premium,Mobile,Weekend Binger
3837,22-25,Basic,Mobile,Weekend Binger
3838,18-21,Premium,Mobile,Casual Scroller
3839,22-25,Free,Laptop,Weekend Binger
3840,22-25,Basic,Laptop,Premium Loyalist
3841,26-30,Basic,Laptop,Casual Scroller
3842,22-25,Free,Mobile,Weekend Binger
3843,18-21,Free,Laptop,Casual Scroller
3844,18-21,Free,Mobile,Premium Loyalist
3845,18-21,Premium,Laptop,Casual Scroller
3846,22-25,Free,Mobile,Casual Scroller
3847,18-21,Free,Mobile,Casual Scroller
3848,18-21,Basic,Laptop,Casual Scroller
3849,22-25,Basic,Mobile,Casual Scroller
3850,18-21,Basic,Laptop,Weekend Binger
3851,18-21,Basic,Mobile,Casual Scroller
3852,18-21,Premium,Mobile,Casual Scroller
3853,18-21,Premium,Mobile,Premium Loyalist
3854,26-30,Free,Mobile,Casual Scroller
3855,22-25,Basic,Mobile,Casual Scroller
3856,22-25,Basic,Laptop,Weekend Binger
3857,18-21,Premium,Mobile,Casual Scroller
3858,22-25,Basic,Laptop,Premium Loyalist
3859,22-25,Basic,Mobile,Weekend Binger
3860,26-30,Free,Laptop,Casual Scroller
3861,26-30,Basic,Mobile,Weekend Binger
3862,18-21,Basic,Mobile,Casual Scroller
3863,22-25,Basic,Mobile,Casual Scroller
3864,26-30,Premium,Mobile,Weekend Binger
3865,26-30,Basic,Mobile,Weekend Binger
3866,22-25,Premium,Mobile,Premium Loyalist
3867,22-25,Basic,Mobile,Casual Scroller
3868,22-25,Premium,TV,Weekend Binger
3869,18-21,Free,TV,Premium Loyalist
3870,26-30,Premium,Laptop,Casual Scroller
3871,18-21,Premium,Laptop,Weekend Binger
3872,26-30,Basic,Laptop,Casual Scroller
3873,18-21,Basic,Laptop,Casual Scroller
3874,18-21,Basic,Laptop,Weekend Binger
3875,18-21,Basic,Laptop,Weekend Binger
3876,18-21,Premium,Mobile,Weekend Binger
3877,18-21,Free,Mobile,Casual Scroller
3878,18-21,Free,Mobile,Weekend Binger
3879,18-21,Premium,Mobile,Weekend Binger
3880,18-21,Basic,Laptop,Weekend Binger
3881,18-21,Basic,Laptop,Weekend Binger
3882,22-25,Premium,Mobile,Premium Loyalist
3883,18-21,Basic,Mobile,Weekend Binger
3884,22-25,Premium,Laptop,Casual Scroller
3885,18-21,Premium,Mobile,Casual Scroller
3886,22-25,Basic,Mobile,Casual Scroller
3887,18-21,Premium,Laptop,Weekend Binger
3888,18-21,Basic,Mobile,Weekend Binger
3889,18-21,Basic,Laptop,Weekend Binger
3890,26-30,Free,Mobile,Casual Scroller
3891,18-21,Premium,Laptop,Casual Scroller
3892,22-25,Free,Laptop,Casual Scroller
3893,22-25,Premium,Laptop,Premium Loyalist
3894,18-21,Basic,Mobile,Weekend Binger
3895,26-30,Free,Laptop,Premium Loyalist
3896,18-21,Basic,Laptop,Casual Scroller
3897,26-30,Premium,Laptop,Casual Scroller
3898,22-25,Basic,Mobile,Premium Loyalist
3899,26-30,Basic,Laptop,Weekend Binger
3900,22-25,Free,Mobile,Weekend Binger
3901,18-21,Free,Mobile,Casual Scroller
3902,18-21,Basic,Mobile,Weekend Binger
3903,18-21,Basic,Mobile,Casual Scroller
3904,22-25,Basic,TV,Weekend Binger
3905,18-21,Premium,Mobile,Weekend Binger
3906,18-21,Premium,Laptop,Casual Scroller
3907,18-21,Basic,Mobile,Premium Loyalist
3908,22-25,Basic,Laptop,Casual Scroller
3909,22-25,Basic,Laptop,Casual Scroller
3910,18-21,Basic,Mobile,Weekend Binger
3911,26-30,Free,Mobile,Premium Loyalist
3912,22-25,Basic,Mobile,Casual Scroller
3913,18-21,Basic,Laptop,Casual Scroller
3914,18-21,Premium,Laptop,Weekend Binger
3915,18-21,Premium,Laptop,Casual Scroller
3916,22-25,Free,Mobile,Casual Scroller
3917,18-21,Basic,Mobile,Casual Scroller
3918,18-21,Free,Laptop,Premium Loyalist
3919,18-21,Free,Mobile,Weekend Binger
3920,22-25,Premium,Mobile,Weekend Binger
3921,26-30,Free,Mobile,Weekend Binger
3922,18-21,Premium,Mobile,Casual Scroller
3923,18-21,Free,Mobile,Casual Scroller
3924,18-21,Basic,Mobile,Casual Scroller
3925,18-21,Basic,TV,Weekend Binger
3926,22-25,Basic,Mobile,Weekend Binger
3927,26-30,Basic,TV,Weekend Binger
3928,18-21,Basic,Mobile,Casual Scroller
3929,22-25,Basic,TV,Casual Scroller
3930,22-25,Premium,TV,Weekend Binger
3931,18-21,Free,Mobile,Casual Scroller
3932,22-25,Basic,Laptop,Weekend Binger
3933,22-25,Premium,Mobile,Premium Loyalist
3934,22-25,Basic,Mobile,Casual Scroller
3935,22-25,Basic,Mobile,Weekend Binger
3936,26-30,Basic,Mobile,Premium Loyalist
3937,18-21,Premium,TV,Weekend Binger
3938,18-21,Free,Mobile,Weekend Binger
3939,18-21,Basic,Laptop,Weekend Binger
3940,18-21,Basic,TV,Casual Scroller
3941,18-21,Premium,Mobile,Weekend Binger
3942,22-25,Free,Laptop,Weekend Binger
3943,18-21,Free,Mobile,Casual Scroller
3944,22-25,Basic,Mobile,Casual Scroller
3945,22-25,Premium,TV,Weekend Binger
3946,26-30,Basic,Mobile,Weekend Binger
3947,18-21,Premium,Laptop,Premium Loyalist
3948,26-30,Basic,Mobile,Casual Scroller
3949,22-25,Premium,TV,Casual Scroller
3950,18-21,Free,Mobile,Casual Scroller
3951,18-21,Basic,TV,Weekend Binger
3952,18-21,Premium,TV,Casual Scroller
3953,22-25,Basic,Mobile,Weekend Binger
3954,18-21,Free,Laptop,Casual Scroller
3955,22-25,Free,Mobile,Weekend Binger
3956,18-21,Free,TV,Weekend Binger
3957,18-21,Premium,TV,Premium Loyalist
3958,18-21,Premium,TV,Premium Loyalist
3959,26-30,Premium,Laptop,Casual Scroller
3960,18-21,Free,Laptop,Weekend Binger
3961,26-30,Basic,Mobile,Premium Loyalist
3962,22-25,Basic,TV,Casual Scroller
3963,26-30,Premium,Mobile,Casual Scroller
3964,18-21,Basic,Laptop,Premium Loyalist
3965,22-25,Premium,Mobile,Weekend Binger
3966,18-21,Premium,TV,Casual Scroller
3967,22-25,Premium,Mobile,Weekend Binger
3968,26-30,Premium,Laptop,Weekend Binger
3969,26-30,Premium,Laptop,Weekend Binger
3970,18-21,Free,Mobile,Weekend Binger
3971,18-21,Premium,TV,Premium Loyalist
3972,18-21,Basic,Mobile,Weekend Binger
3973,26-30,Premium,Laptop,Casual Scroller
3974,22-25,Premium,TV,Casual Scroller
3975,22-25,Basic,Laptop,Casual Scroller
3976,22-25,Basic,Mobile,Weekend Binger
3977,18-21,Basic,Mobile,Casual Scroller
3978,18-21,Premium,Mobile,Casual Scroller
3979,22-25,Free,Laptop,Casual Scroller
3980,18-21,Basic,Laptop,Weekend Binger
3981,26-30,Free,Laptop,Weekend Binger
3982,22-25,Free,Laptop,Casual Scroller
3983,18-21,Free,Mobile,Casual Scroller
3984,18-21,Free,Mobile,Casual Scroller
3985,18-21,Basic,Mobile,Weekend Binger
3986,18-21,Premium,Mobile,Weekend Binger
3987,18-21,Basic,Mobile,Casual Scroller
3988,18-21,Basic,Laptop,Premium Loyalist
3989,18-21,Premium,TV,Casual Scroller
3990,18-21,Basic,Laptop,Weekend Binger
3991,18-21,Basic,Mobile,Weekend Binger
3992,18-21,Premium,Mobile,Casual Scroller
3993,22-25,Free,TV,Premium Loyalist
3994,22-25,Premium,Laptop,Premium Loyalist
3995,18-21,Basic,Laptop,Weekend Binger
3996,22-25,Premium,Mobile,Weekend Binger
3997,18-21,Basic,Mobile,Premium Loyalist
3998,18-21,Basic,Laptop,Casual Scroller
3999,18-21,Basic,Mobile,Weekend Binger
4000,26-30,Basic,Laptop,Weekend Binger
4001,22-25,Premium,Laptop,Casual Scroller
4002,18-21,Basic,Mobile,Weekend Binger
4003,18-21,Basic,Laptop,Weekend Binger
4004,18-21,Premium,Mobile,Weekend Binger
4005,22-25,Premium,Mobile,Weekend Binger
4006,22-25,Free,Mobile,Weekend Binger
4007,18-21,Basic,Mobile,Casual Scroller
4008,18-21,Basic,Mobile,Casual Scroller
4009,22-25,Basic,Mobile,Weekend Binger
4010,22-25,Free,Mobile,Weekend Binger
4011,18-21,Free,Laptop,Weekend Binger
4012,22-25,Premium,Mobile,Weekend Binger
4013,22-25,Free,Laptop,Premium Loyalist
4014,18-21,Premium,Mobile,Casual Scroller
4015,22-25,Free,TV,Casual Scroller
4016,18-21,Free,Mobile,Casual Scroller
4017,22-25,Premium,Mobile,Weekend Binger
4018,18-21,Premium,Mobile,Weekend Binger
4019,22-25,Premium,Mobile,Weekend Binger
4020,22-25,Basic,Mobile,Weekend Binger
4021,22-25,Premium,Mobile,Casual Scroller
4022,18-21,Basic,Laptop,Weekend Binger
4023,18-21,Free,Mobile,Premium Loyalist
4024,18-21,Basic,Mobile,Casual Scroller
4025,26-30,Basic,Mobile,Premium Loyalist
4026,18-21,Basic,Mobile,Premium Loyalist
4027,26-30,Free,Mobile,Weekend Binger
4028,18-21,Premium,Mobile,Weekend Binger
4029,22-25,Basic,Mobile,Premium Loyalist
4030,26-30,Premium,Mobile,Casual Scroller
4031,18-21,Premium,TV,Casual Scroller
4032,18-21,Basic,Mobile,Casual Scroller
4033,22-25,Basic,Mobile,Casual Scroller
4034,22-25,Basic,Mobile,Weekend Binger
4035,18-21,Basic,Mobile,Weekend Binger
4036,22-25,Premium,Mobile,Casual Scroller
4037,18-21,Free,TV,Casual Scroller
4038,18-21,Basic,Mobile,Weekend Binger
4039,18-21,Free,TV,Casual Scroller
4040,26-30,Premium,Mobile,Weekend Binger
4041,26-30,Basic,Mobile,Weekend Binger
4042,18-21,Free,TV,Casual Scroller
4043,18-21,Premium,TV,Weekend Binger
4044,18-21,Free,Mobile,Casual Scroller
4045,18-21,Premium,Laptop,Casual Scroller
4046,22-25,Premium,TV,Weekend Binger
4047,18-21,Premium,Laptop,Casual Scroller
4048,22-25,Basic,Laptop,Casual Scroller
4049,18-21,Free,Mobile,Premium Loyalist
4050,18-21,Free,Laptop,Weekend Binger
4051,18-21,Basic,Mobile,Casual Scroller
4052,22-25,Premium,TV,Weekend Binger
4053,18-21,Basic,Mobile,Weekend Binger
4054,18-21,Basic,Mobile,Casual Scroller
4055,18-21,Free,Mobile,Weekend Binger
4056,18-21,Premium,Mobile,Weekend Binger
4057,18-21,Free,Laptop,Weekend Binger
4058,26-30,Basic,TV,Casual Scroller
4059,22-25,Basic,TV,Weekend Binger
4060,18-21,Free,Mobile,Weekend Binger
4061,26-30,Basic,Mobile,Casual Scroller
4062,18-21,Basic,Laptop,Casual Scroller
4063,18-21,Free,Mobile,Casual Scroller
4064,22-25,Basic,Mobile,Weekend Binger
4065,22-25,Basic,Laptop,Weekend Binger
4066,18-21,Premium,Mobile,Weekend Binger
4067,26-30,Basic,Mobile,Weekend Binger
4068,26-30,Basic,Mobile,Casual Scroller
4069,26-30,Free,Laptop,Weekend Binger
4070,18-21,Premium,TV,Casual Scroller
4071,18-21,Free,Mobile,Weekend Binger
4072,18-21,Basic,Laptop,Weekend Binger
4073,22-25,Free,TV,Premium Loyalist
4074,26-30,Basic,Laptop,Premium Loyalist
4075,18-21,Basic,Mobile,Weekend Binger
4076,18-21,Premium,Mobile,Casual Scroller
4077,26-30,Basic,Laptop,Weekend Binger
4078,22-25,Free,Laptop,Weekend Binger
4079,22-25,Premium,Laptop,Casual Scroller
4080,26-30,Free,Mobile,Casual Scroller
4081,18-21,Basic,Mobile,Premium Loyalist
4082,18-21,Premium,Mobile,Casual Scroller
4083,22-25,Free,Mobile,Premium Loyalist
4084,18-21,Premium,Laptop,Weekend Binger
4085,18-21,Basic,Mobile,Weekend Binger
4086,18-21,Free,Mobile,Premium Loyalist
4087,18-21,Basic,Mobile,Casual Scroller
4088,26-30,Free,Mobile,Weekend Binger
4089,22-25,Premium,Laptop,Premium Loyalist
4090,22-25,Basic,Mobile,Weekend Binger
4091,22-25,Basic,Laptop,Weekend Binger
4092,26-30,Free,Mobile,Casual Scroller
4093,26-30,Basic,Laptop,Casual Scroller
4094,22-25,Basic,Mobile,Premium Loyalist
4095,22-25,Premium,Laptop,Premium Loyalist
4096,26-30,Premium,Mobile,Casual Scroller
4097,22-25,Basic,Mobile,Premium Loyalist
4098,18-21,Basic,TV,Casual Scroller
4099,26-30,Free,Laptop,Premium Loyalist
4100,18-21,Premium,Mobile,Weekend Binger
4101,26-30,Premium,TV,Casual Scroller
4102,22-25,Basic,Mobile,Casual Scroller
4103,26-30,Basic,TV,Weekend Binger
4104,22-25,Premium,Mobile,Weekend Binger
4105,18-21,Premium,Mobile,Casual Scroller
4106,18-21,Premium,Laptop,Casual Scroller
4107,26-30,Premium,TV,Casual Scroller
4108,18-21,Basic,TV,Casual Scroller
4109,18-21,Basic,Mobile,Weekend Binger
4110,18-21,Premium,Laptop,Weekend Binger
4111,18-21,Free,Laptop,Casual Scroller
4112,18-21,Basic,Laptop,Casual Scroller
4113,26-30,Premium,Laptop,Casual Scroller
4114,18-21,Basic,Mobile,Premium Loyalist
4115,18-21,Basic,TV,Weekend Binger
4116,18-21,Basic,Mobile,Weekend Binger
4117,18-21,Basic,TV,Premium Loyalist
4118,18-21,Premium,Mobile,Weekend Binger
4119,18-21,Free,TV,Weekend Binger
4120,18-21,Basic,TV,Weekend Binger
4121,18-21,Free,TV,Weekend Binger
4122,18-21,Basic,TV,Weekend Binger
4123,26-30,Basic,Laptop,Premium Loyalist
4124,18-21,Basic,TV,Weekend Binger
4125,22-25,Basic,Mobile,Premium Loyalist
4126,22-25,Basic,Mobile,Casual Scroller
4127,22-25,Basic,Mobile,Casual Scroller
4128,18-21,Premium,Mobile,Premium Loyalist
4129,18-21,Premium,Mobile,Casual Scroller
4130,18-21,Premium,Laptop,Weekend Binger
4131,22-25,Free,TV,Weekend Binger
4132,18-21,Basic,Mobile,Premium Loyalist
4133,18-21,Basic,Mobile,Weekend Binger
4134,26-30,Basic,Mobile,Weekend Binger
4135,22-25,Basic,Mobile,Weekend Binger
4136,22-25,Free,Mobile,Casual Scroller
4137,18-21,Premium,Mobile,Casual Scroller
4138,18-21,Free,Mobile,Casual Scroller
4139,26-30,Premium,Mobile,Casual Scroller
4140,18-21,Basic,Mobile,Weekend Binger
4141,22-25,Basic,Mobile,Premium Loyalist
4142,18-21,Basic,Laptop,Casual Scroller
4143,26-30,Basic,Mobile,Premium Loyalist
4144,22-25,Basic,Laptop,Premium Loyalist
4145,22-25,Premium,TV,Weekend Binger
4146,26-30,Basic,Laptop,Casual Scroller
4147,18-21,Premium,TV,Weekend Binger
4148,22-25,Premium,Laptop,Casual Scroller
4149,26-30,Basic,Laptop,Casual Scroller
4150,18-21,Basic,TV,Casual Scroller
4151,22-25,Premium,Mobile,Casual Scroller
4152,18-21,Premium,Mobile,Casual Scroller
4153,22-25,Premium,Mobile,Casual Scroller
4154,22-25,Basic,Laptop,Weekend Binger
4155,22-25,Premium,Mobile,Weekend Binger
4156,22-25,Basic,Mobile,Casual Scroller
4157,18-21,Basic,Mobile,Weekend Binger
4158,18-21,Premium,Mobile,Casual Scroller
4159,18-21,Free,Mobile,Weekend Binger
4160,22-25,Free,Mobile,Casual Scroller
4161,18-21,Premium,Mobile,Casual Scroller
4162,26-30,Free,Mobile,Casual Scroller
4163,18-21,Basic,Mobile,Premium Loyalist
4164,26-30,Basic,Mobile,Weekend Binger
4165,18-21,Basic,Mobile,Weekend Binger
4166,18-21,Free,TV,Casual Scroller
4167,26-30,Basic,Laptop,Premium Loyalist
4168,26-30,Free,Mobile,Weekend Binger
4169,18-21,Basic,Mobile,Casual Scroller
4170,18-21,Basic,Mobile,Premium Loyalist
4171,18-21,Premium,Mobile,Premium Loyalist
4172,22-25,Free,Mobile,Casual Scroller
4173,22-25,Premium,Mobile,Weekend Binger
4174,22-25,Basic,Mobile,Weekend Binger
4175,22-25,Basic,Laptop,Casual Scroller
4176,22-25,Free,Mobile,Casual Scroller
4177,22-25,Basic,Mobile,Weekend Binger
4178,18-21,Premium,Mobile,Weekend Binger
4179,18-21,Premium,Mobile,Premium Loyalist
4180,26-30,Free,Mobile,Casual Scroller
4181,22-25,Basic,Laptop,Weekend Binger
4182,26-30,Basic,Mobile,Casual Scroller
4183,18-21,Premium,Mobile,Weekend Binger
4184,26-30,Basic,Laptop,Casual Scroller
4185,22-25,Premium,Laptop,Weekend Binger
4186,18-21,Free,Mobile,Casual Scroller
4187,22-25,Premium,TV,Casual Scroller
4188,26-30,Free,Laptop,Premium Loyalist
4189,18-21,Premium,Mobile,Premium Loyalist
4190,18-21,Premium,Mobile,Weekend Binger
4191,18-21,Premium,Laptop,Casual Scroller
4192,18-21,Basic,Mobile,Casual Scroller
4193,22-25,Premium,Laptop,Casual Scroller
4194,22-25,Basic,Mobile,Weekend Binger
4195,18-21,Basic,Laptop,Casual Scroller
4196,22-25,Basic,TV,Casual Scroller
4197,22-25,Basic,Mobile,Weekend Binger
4198,18-21,Premium,Mobile,Casual Scroller
4199,18-21,Basic,Laptop,Weekend Binger
4200,18-21,Basic,Laptop,Weekend Binger
4201,18-21,Premium,Mobile,Premium Loyalist
4202,22-25,Premium,Mobile,Casual Scroller
4203,22-25,Premium,Mobile,Weekend Binger
4204,22-25,Premium,Mobile,Premium Loyalist
4205,22-25,Premium,Mobile,Casual Scroller
4206,26-30,Basic,Mobile,Casual Scroller
4207,22-25,Free,Mobile,Weekend Binger
4208,18-21,Premium,Mobile,Weekend Binger
4209,18-21,Free,Mobile,Casual Scroller
4210,22-25,Free,Laptop,Casual Scroller
4211,26-30,Basic,TV,Weekend Binger
4212,18-21,Basic,Laptop,Premium Loyalist
4213,22-25,Basic,Mobile,Casual Scroller
4214,18-21,Basic,Mobile,Casual Scroller
4215,18-21,Basic,Laptop,Casual Scroller
4216,18-21,Premium,Mobile,Casual Scroller
4217,22-25,Premium,Mobile,Casual Scroller
4218,18-21,Free,Mobile,Casual Scroller
4219,26-30,Basic,Mobile,Casual Scroller
4220,18-21,Free,Laptop,Weekend Binger
4221,18-21,Free,Laptop,Casual Scroller
4222,18-21,Free,Mobile,Weekend Binger
4223,18-21,Free,Mobile,Weekend Binger
4224,18-21,Premium,TV,Weekend Binger
4225,22-25,Basic,Laptop,Weekend Binger
4226,26-30,Basic,Mobile,Weekend Binger
4227,18-21,Basic,Mobile,Casual Scroller
4228,22-25,Basic,Mobile,Casual Scroller
4229,18-21,Basic,Mobile,Casual Scroller
4230,18-21,Premium,Mobile,Casual Scroller
4231,22-25,Basic,Mobile,Casual Scroller
4232,18-21,Premium,Mobile,Casual Scroller
4233,18-21,Basic,Mobile,Weekend Binger
4234,18-21,Premium,Mobile,Casual Scroller
4235,22-25,Premium,Mobile,Weekend Binger
4236,26-30,Free,Laptop,Casual Scroller
4237,22-25,Basic,Laptop,Casual Scroller
4238,22-25,Basic,Laptop,Casual Scroller
4239,22-25,Premium,TV,Weekend Binger
4240,18-21,Premium,Mobile,Casual Scroller
4241,22-25,Basic,Laptop,Weekend Binger
4242,18-21,Basic,Laptop,Casual Scroller
4243,18-21,Basic,Mobile,Weekend Binger
4244,22-25,Basic,Mobile,Weekend Binger
4245,22-25,Basic,Mobile,Casual Scroller
4246,18-21,Basic,TV,Weekend Binger
4247,22-25,Free,Laptop,Casual Scroller
4248,22-25,Premium,TV,Weekend Binger
4249,18-21,Basic,Mobile,Weekend Binger
4250,22-25,Free,Laptop,Casual Scroller
4251,18-21,Premium,TV,Casual Scroller
4252,18-21,Premium,Laptop,Casual Scroller
4253,18-21,Premium,TV,Premium Loyalist
4254,18-21,Free,TV,Weekend Binger
4255,18-21,Basic,Mobile,Weekend Binger
4256,26-30,Basic,Mobile,Casual Scroller
4257,22-25,Free,Laptop,Weekend Binger
4258,18-21,Basic,TV,Premium Loyalist
4259,22-25,Basic,Laptop,Weekend Binger
4260,18-21,Premium,TV,Casual Scroller
4261,26-30,Free,Mobile,Weekend Binger
4262,22-25,Premium,TV,Casual Scroller
4263,22-25,Basic,Mobile,Casual Scroller
4264,22-25,Basic,Mobile,Casual Scroller
4265,18-21,Basic,Laptop,Casual Scroller
4266,26-30,Basic,TV,Casual Scroller
4267,26-30,Basic,Mobile,Casual Scroller
4268,22-25,Premium,TV,Weekend Binger
4269,18-21,Free,Laptop,Weekend Binger
4270,18-21,Premium,Mobile,Casual Scroller
4271,26-30,Basic,Mobile,Weekend Binger
4272,22-25,Premium,Laptop,Weekend Binger
4273,18-21,Basic,TV,Weekend Binger
4274,18-21,Free,Mobile,Weekend Binger
4275,18-21,Basic,Mobile,Casual Scroller
4276,26-30,Basic,Laptop,Premium Loyalist
4277,26-30,Premium,TV,Casual Scroller
4278,18-21,Free,Mobile,Premium Loyalist
4279,18-21,Free,Mobile,Casual Scroller
4280,26-30,Premium,Mobile,Weekend Binger
4281,18-21,Basic,Mobile,Weekend Binger
4282,22-25,Basic,Laptop,Casual Scroller
4283,22-25,Premium,Mobile,Premium Loyalist
4284,22-25,Premium,Laptop,Casual Scroller
4285,22-25,Premium,Mobile,Premium Loyalist
4286,22-25,Premium,Mobile,Casual Scroller
4287,18-21,Basic,Laptop,Casual Scroller
4288,22-25,Basic,Mobile,Premium Loyalist
4289,18-21,Basic,Laptop,Casual Scroller
4290,22-25,Free,Laptop,Weekend Binger
4291,18-21,Basic,Laptop,Weekend Binger
4292,18-21,Basic,Mobile,Weekend Binger
4293,18-21,Premium,Mobile,Weekend Binger
4294,18-21,Premium,Mobile,Casual Scroller
4295,22-25,Premium,TV,Weekend Binger
4296,18-21,Premium,Mobile,Casual Scroller
4297,18-21,Basic,TV,Weekend Binger
4298,18-21,Basic,Mobile,Casual Scroller
4299,18-21,Basic,Laptop,Weekend Binger
4300,18-21,Free,Laptop,Casual Scroller
4301,18-21,Basic,Mobile,Casual Scroller
4302,18-21,Premium,Laptop,Weekend Binger
4303,22-25,Free,Mobile,Premium Loyalist
4304,18-21,Free,Laptop,Weekend Binger
4305,22-25,Basic,Laptop,Weekend Binger
4306,18-21,Premium,Mobile,Casual Scroller
4307,18-21,Basic,Laptop,Weekend Binger
4308,22-25,Basic,Laptop,Weekend Binger
4309,22-25,Free,Mobile,Casual Scroller
4310,18-21,Free,Mobile,Casual Scroller
4311,22-25,Basic,TV,Weekend Binger
4312,26-30,Free,Mobile,Weekend Binger
4313,18-21,Free,Laptop,Weekend Binger
4314,22-25,Premium,Mobile,Premium Loyalist
4315,22-25,Premium,TV,Casual Scroller
4316,18-21,Free,Mobile,Casual Scroller
4317,26-30,Premium,Mobile,Casual Scroller
4318,18-21,Free,Mobile,Casual Scroller
4319,18-21,Basic,Mobile,Casual Scroller
4320,22-25,Basic,Laptop,Casual Scroller
4321,18-21,Premium,Laptop,Weekend Binger
4322,22-25,Basic,Mobile,Casual Scroller
4323,18-21,Premium,Mobile,Weekend Binger
4324,22-25,Premium,Mobile,Premium Loyalist
4325,26-30,Basic,Mobile,Weekend Binger
4326,22-25,Free,TV,Weekend Binger
4327,22-25,Free,Mobile,Weekend Binger
4328,18-21,Premium,Laptop,Casual Scroller
4329,18-21,Free,Mobile,Weekend Binger
4330,22-25,Basic,Mobile,Casual Scroller
4331,26-30,Premium,TV,Weekend Binger
4332,18-21,Premium,Laptop,Weekend Binger
4333,22-25,Basic,Mobile,Casual Scroller
4334,18-21,Basic,Mobile,Casual Scroller
4335,18-21,Free,Mobile,Weekend Binger
4336,18-21,Basic,Mobile,Weekend Binger
4337,22-25,Basic,Mobile,Weekend Binger
4338,26-30,Free,Mobile,Weekend Binger
4339,18-21,Basic,Mobile,Casual Scroller
4340,22-25,Basic,Mobile,Weekend Binger
4341,22-25,Premium,Mobile,Casual Scroller
4342,18-21,Free,Mobile,Casual Scroller
4343,22-25,Basic,Mobile,Weekend Binger
4344,18-21,Premium,Mobile,Casual Scroller
4345,18-21,Basic,Mobile,Weekend Binger
4346,22-25,Basic,Mobile,Casual Scroller
4347,18-21,Premium,Laptop,Casual Scroller
4348,22-25,Premium,Mobile,Casual Scroller
4349,22-25,Basic,Mobile,Weekend Binger
4350,26-30,Premium,Mobile,Casual Scroller
4351,18-21,Premium,Mobile,Weekend Binger
4352,22-25,Premium,Mobile,Weekend Binger
4353,22-25,Basic,Mobile,Premium Loyalist
4354,18-21,Premium,Mobile,Weekend Binger
4355,22-25,Basic,Mobile,Casual Scroller
4356,18-21,Premium,TV,Casual Scroller
4357,26-30,Basic,Mobile,Weekend Binger
4358,18-21,Free,Laptop,Premium Loyalist
4359,22-25,Premium,Mobile,Weekend Binger
4360,26-30,Free,Laptop,Casual Scroller
4361,22-25,Free,Mobile,Weekend Binger
4362,18-21,Basic,Mobile,Weekend Binger
4363,22-25,Free,Mobile,Weekend Binger
4364,18-21,Basic,Mobile,Casual Scroller
4365,26-30,Basic,TV,Weekend Binger
4366,18-21,Basic,Laptop,Weekend Binger
4367,18-21,Basic,Mobile,Casual Scroller
4368,26-30,Basic,Mobile,Casual Scroller
4369,22-25,Free,Mobile,Casual Scroller
4370,26-30,Basic,Mobile,Weekend Binger
4371,22-25,Basic,Mobile,Casual Scroller
4372,22-25,Basic,TV,Casual Scroller
4373,22-25,Basic,Laptop,Weekend Binger
4374,22-25,Basic,Laptop,Weekend Binger
4375,18-21,Basic,Mobile,Weekend Binger
4376,18-21,Free,Mobile,Casual Scroller
4377,18-21,Basic,Mobile,Weekend Binger
4378,18-21,Premium,TV,Casual Scroller
4379,18-21,Premium,Laptop,Weekend Binger
4380,18-21,Basic,Laptop,Casual Scroller
4381,18-21,Free,Mobile,Casual Scroller
4382,22-25,Basic,Mobile,Weekend Binger
4383,22-25,Premium,Mobile,Weekend Binger
4384,22-25,Free,Laptop,Weekend Binger
4385,26-30,Free,Mobile,Casual Scroller
4386,26-30,Premium,Mobile,Premium Loyalist
4387,18-21,Premium,Mobile,Weekend Binger
4388,18-21,Premium,Mobile,Casual Scroller
4389,18-21,Basic,Mobile,Casual Scroller
4390,18-21,Premium,Laptop,Premium Loyalist
4391,26-30,Basic,Mobile,Casual Scroller
4392,18-21,Free,Mobile,Casual Scroller
4393,18-21,Free,Mobile,Casual Scroller
4394,18-21,Basic,Mobile,Premium Loyalist
4395,26-30,Basic,Laptop,Casual Scroller
4396,18-21,Basic,Mobile,Weekend Binger
4397,18-21,Free,Mobile,Casual Scroller
4398,18-21,Free,Laptop,Casual Scroller
4399,18-21,Premium,Mobile,Casual Scroller
4400,26-30,Premium,TV,Premium Loyalist
4401,18-21,Premium,Mobile,Casual Scroller
4402,18-21,Basic,Mobile,Casual Scroller
4403,22-25,Free,Mobile,Weekend Binger
4404,22-25,Basic,Mobile,Premium Loyalist
4405,18-21,Basic,TV,Casual Scroller
4406,18-21,Basic,Mobile,Casual Scroller
4407,18-21,Free,Mobile,Weekend Binger
4408,18-21,Basic,TV,Casual Scroller
4409,26-30,Premium,Mobile,Weekend Binger
4410,18-21,Basic,Mobile,Premium Loyalist
4411,18-21,Basic,Mobile,Premium Loyalist
4412,26-30,Premium,Laptop,Premium Loyalist
4413,18-21,Free,Laptop,Premium Loyalist
4414,18-21,Free,Mobile,Weekend Binger
4415,18-21,Basic,Mobile,Casual Scroller
4416,22-25,Basic,Mobile,Casual Scroller
4417,22-25,Basic,Mobile,Casual Scroller
4418,18-21,Premium,Mobile,Weekend Binger
4419,18-21,Premium,Laptop,Weekend Binger
4420,26-30,Basic,Mobile,Weekend Binger
4421,26-30,Basic,Mobile,Weekend Binger
4422,22-25,Basic,TV,Weekend Binger
4423,18-21,Premium,Mobile,Weekend Binger
4424,18-21,Premium,Mobile,Premium Loyalist
4425,22-25,Free,Laptop,Casual Scroller
4426,26-30,Free,Laptop,Premium Loyalist
4427,18-21,Basic,Mobile,Casual Scroller
4428,22-25,Basic,TV,Casual Scroller
4429,18-21,Basic,Mobile,Premium Loyalist
4430,22-25,Basic,Laptop,Casual Scroller
4431,18-21,Premium,Mobile,Weekend Binger
4432,18-21,Premium,TV,Weekend Binger
4433,18-21,Basic,Mobile,Weekend Binger
4434,18-21,Basic,Mobile,Weekend Binger
4435,22-25,Basic,Mobile,Weekend Binger
4436,18-21,Premium,Mobile,Weekend Binger
4437,18-21,Free,Laptop,Casual Scroller
4438,18-21,Premium,Mobile,Premium Loyalist
4439,18-21,Basic,Mobile,Casual Scroller
4440,18-21,Basic,TV,Weekend Binger
4441,22-25,Free,Mobile,Premium Loyalist
4442,22-25,Premium,TV,Weekend Binger
4443,18-21,Premium,Mobile,Casual Scroller
4444,26-30,Free,Laptop,Casual Scroller
4445,18-21,Free,Mobile,Premium Loyalist
4446,26-30,Basic,TV,Weekend Binger
4447,22-25,Basic,Mobile,Weekend Binger
4448,22-25,Free,TV,Casual Scroller
4449,26-30,Free,Mobile,Casual Scroller
4450,18-21,Basic,Mobile,Casual Scroller
4451,18-21,Basic,Mobile,Casual Scroller
4452,18-21,Free,Laptop,Casual Scroller
4453,18-21,Free,Mobile,Casual Scroller
4454,26-30,Free,Laptop,Casual Scroller
4455,22-25,Premium,TV,Casual Scroller
4456,26-30,Basic,TV,Premium Loyalist
4457,22-25,Free,Laptop,Casual Scroller
4458,22-25,Basic,Laptop,Premium Loyalist
4459,26-30,Free,Mobile,Casual Scroller
4460,22-25,Premium,Mobile,Casual Scroller
4461,18-21,Basic,Laptop,Casual Scroller
4462,22-25,Basic,Laptop,Casual Scroller
4463,18-21,Basic,Mobile,Weekend Binger
4464,18-21,Basic,Mobile,Casual Scroller
4465,26-30,Premium,Mobile,Casual Scroller
4466,22-25,Free,Mobile,Weekend Binger
4467,18-21,Basic,Laptop,Casual Scroller
4468,26-30,Free,Laptop,Weekend Binger
4469,18-21,Basic,Mobile,Weekend Binger
4470,22-25,Premium,Mobile,Weekend Binger
4471,22-25,Basic,Mobile,Casual Scroller
4472,18-21,Basic,Mobile,Weekend Binger
4473,26-30,Basic,Mobile,Weekend Binger
4474,26-30,Basic,Laptop,Casual Scroller
4475,22-25,Premium,Mobile,Weekend Binger
4476,22-25,Basic,Mobile,Casual Scroller
4477,26-30,Free,Mobile,Casual Scroller
4478,22-25,Basic,Laptop,Premium Loyalist
4479,18-21,Premium,Laptop,Weekend Binger
4480,22-25,Basic,Mobile,Casual Scroller
4481,22-25,Premium,Mobile,Weekend Binger
4482,18-21,Basic,Laptop,Casual Scroller
4483,22-25,Premium,Mobile,Casual Scroller
4484,18-21,Basic,TV,Weekend Binger
4485,22-25,Basic,Mobile,Weekend Binger
4486,22-25,Free,Mobile,Premium Loyalist
4487,18-21,Free,Mobile,Casual Scroller
4488,18-21,Free,Laptop,Premium Loyalist
4489,22-25,Premium,Laptop,Casual Scroller
4490,18-21,Basic,Laptop,Weekend Binger
4491,18-21,Free,Laptop,Casual Scroller
4492,18-21,Free,Mobile,Weekend Binger
4493,22-25,Basic,Mobile,Premium Loyalist
4494,18-21,Basic,Mobile,Casual Scroller
4495,18-21,Basic,Mobile,Weekend Binger
4496,18-21,Basic,Laptop,Premium Loyalist
4497,26-30,Premium,Mobile,Casual Scroller
4498,22-25,Basic,Laptop,Casual Scroller
4499,18-21,Premium,Mobile,Casual Scroller
4500,26-30,Basic,Mobile,Weekend Binger
4501,18-21,Premium,Laptop,Casual Scroller
4502,18-21,Free,Laptop,Weekend Binger
4503,18-21,Basic,Mobile,Casual Scroller
4504,18-21,Basic,Mobile,Premium Loyalist
4505,18-21,Basic,Mobile,Premium Loyalist
4506,18-21,Free,Mobile,Weekend Binger
4507,18-21,Basic,Mobile,Casual Scroller
4508,22-25,Basic,Mobile,Weekend Binger
4509,18-21,Basic,Mobile,Casual Scroller
4510,26-30,Basic,Laptop,Weekend Binger
4511,26-30,Basic,Mobile,Casual Scroller
4512,18-21,Basic,Mobile,Weekend Binger
4513,26-30,Free,Mobile,Casual Scroller
4514,18-21,Basic,Laptop,Weekend Binger
4515,22-25,Free,TV,Premium Loyalist
4516,18-21,Basic,TV,Weekend Binger
4517,22-25,Premium,Laptop,Premium Loyalist
4518,22-25,Premium,Mobile,Weekend Binger
4519,22-25,Premium,Mobile,Casual Scroller
4520,22-25,Basic,Mobile,Weekend Binger
4521,22-25,Free,Mobile,Casual Scroller
4522,18-21,Basic,Mobile,Premium Loyalist
4523,18-21,Basic,Mobile,Casual Scroller
4524,18-21,Basic,Mobile,Casual Scroller
4525,18-21,Premium,Mobile,Weekend Binger
4526,22-25,Basic,Mobile,Weekend Binger
4527,26-30,Basic,Mobile,Casual Scroller
4528,18-21,Basic,Mobile,Premium Loyalist
4529,18-21,Basic,Mobile,Weekend Binger
4530,22-25,Free,Mobile,Premium Loyalist
4531,18-21,Premium,Mobile,Premium Loyalist
4532,22-25,Basic,Mobile,Casual Scroller
4533,18-21,Premium,Mobile,Premium Loyalist
4534,26-30,Premium,TV,Premium Loyalist
4535,18-21,Premium,Mobile,Casual Scroller
4536,26-30,Basic,Laptop,Weekend Binger
4537,18-21,Premium,Laptop,Casual Scroller
4538,18-21,Basic,Mobile,Casual Scroller
4539,18-21,Basic,Laptop,Weekend Binger
4540,18-21,Free,Mobile,Weekend Binger
4541,22-25,Basic,Mobile,Premium Loyalist
4542,22-25,Basic,Mobile,Casual Scroller
4543,26-30,Premium,Mobile,Casual Scroller
4544,22-25,Basic,Mobile,Premium Loyalist
4545,22-25,Premium,Laptop,Casual Scroller
4546,18-21,Basic,Mobile,Casual Scroller
4547,22-25,Basic,Mobile,Weekend Binger
4548,18-21,Basic,Mobile,Premium Loyalist
4549,18-21,Basic,Laptop,Premium Loyalist
4550,18-21,Basic,Laptop,Casual Scroller
4551,18-21,Basic,Laptop,Premium Loyalist
4552,18-21,Basic,Mobile,Weekend Binger
4553,22-25,Premium,Laptop,Weekend Binger
4554,22-25,Basic,Mobile,Weekend Binger
4555,18-21,Basic,Mobile,Weekend Binger
4556,26-30,Premium,TV,Casual Scroller
4557,22-25,Free,Laptop,Casual Scroller
4558,22-25,Free,Mobile,Casual Scroller
4559,22-25,Premium,Mobile,Casual Scroller
4560,22-25,Premium,Laptop,Casual Scroller
4561,26-30,Basic,Laptop,Casual Scroller
4562,22-25,Basic,Mobile,Premium Loyalist
4563,26-30,Premium,Mobile,Casual Scroller
4564,26-30,Basic,Mobile,Weekend Binger
4565,18-21,Basic,Mobile,Weekend Binger
4566,22-25,Free,Mobile,Casual Scroller
4567,18-21,Premium,TV,Weekend Binger
4568,26-30,Premium,Mobile,Premium Loyalist
4569,18-21,Basic,Mobile,Casual Scroller
4570,18-21,Basic,Laptop,Weekend Binger
4571,18-21,Premium,Mobile,Weekend Binger
4572,26-30,Basic,Laptop,Weekend Binger
4573,26-30,Premium,Laptop,Weekend Binger
4574,26-30,Free,Mobile,Weekend Binger
4575,22-25,Basic,Laptop,Weekend Binger
4576,18-21,Free,TV,Casual Scroller
4577,18-21,Premium,Laptop,Casual Scroller
4578,22-25,Basic,Mobile,Weekend Binger
4579,18-21,Free,Mobile,Casual Scroller
4580,22-25,Premium,TV,Weekend Binger
4581,22-25,Premium,Mobile,Casual Scroller
4582,18-21,Basic,Mobile,Casual Scroller
4583,26-30,Premium,Laptop,Casual Scroller
4584,18-21,Basic,Laptop,Casual Scroller
4585,18-21,Basic,Laptop,Weekend Binger
4586,18-21,Basic,Mobile,Premium Loyalist
4587,18-21,Free,Mobile,Weekend Binger
4588,18-21,Basic,Mobile,Weekend Binger
4589,22-25,Premium,Laptop,Weekend Binger
4590,26-30,Basic,Mobile,Casual Scroller
4591,26-30,Basic,Mobile,Weekend Binger
4592,18-21,Premium,Mobile,Premium Loyalist
4593,26-30,Free,Mobile,Premium Loyalist
4594,18-21,Free,Laptop,Casual Scroller
4595,26-30,Premium,Laptop,Premium Loyalist
4596,18-21,Basic,Laptop,Casual Scroller
4597,18-21,Free,TV,Casual Scroller
4598,18-21,Basic,Laptop,Premium Loyalist
4599,18-21,Basic,Laptop,Premium Loyalist
4600,18-21,Basic,Laptop,Casual Scroller
4601,22-25,Basic,Mobile,Weekend Binger
4602,18-21,Free,TV,Weekend Binger
4603,22-25,Basic,Mobile,Weekend Binger
4604,18-21,Premium,Mobile,Premium Loyalist
4605,18-21,Premium,Mobile,Premium Loyalist
4606,22-25,Basic,Mobile,Casual Scroller
4607,18-21,Basic,Mobile,Weekend Binger
4608,18-21,Premium,TV,Casual Scroller
4609,18-21,Basic,Mobile,Weekend Binger
4610,22-25,Free,TV,Weekend Binger
4611,22-25,Premium,Mobile,Casual Scroller
4612,18-21,Basic,Laptop,Casual Scroller
4613,22-25,Basic,Mobile,Weekend Binger
4614,26-30,Premium,Laptop,Weekend Binger
4615,22-25,Basic,Mobile,Casual Scroller
4616,18-21,Premium,Mobile,Casual Scroller
4617,22-25,Basic,Mobile,Weekend Binger
4618,22-25,Premium,TV,Casual Scroller
4619,18-21,Basic,Laptop,Casual Scroller
4620,22-25,Basic,Mobile,Weekend Binger
4621,18-21,Free,Laptop,Premium Loyalist
4622,26-30,Basic,Mobile,Weekend Binger
4623,18-21,Basic,Mobile,Premium Loyalist
4624,18-21,Basic,Mobile,Weekend Binger
4625,18-21,Basic,Mobile,Casual Scroller
4626,22-25,Free,Mobile,Casual Scroller
4627,22-25,Free,Mobile,Weekend Binger
4628,26-30,Free,Laptop,Casual Scroller
4629,22-25,Premium,Mobile,Casual Scroller
4630,18-21,Free,Mobile,Casual Scroller
4631,22-25,Premium,Mobile,Weekend Binger
4632,18-21,Basic,Mobile,Premium Loyalist
4633,22-25,Basic,Laptop,Weekend Binger
4634,26-30,Premium,Mobile,Casual Scroller
4635,18-21,Basic,Mobile,Weekend Binger
4636,18-21,Basic,Mobile,Casual Scroller
4637,22-25,Basic,Mobile,Casual Scroller
4638,22-25,Free,Mobile,Casual Scroller
4639,26-30,Basic,Mobile,Premium Loyalist
4640,18-21,Basic,Mobile,Weekend Binger
4641,18-21,Basic,Laptop,Casual Scroller
4642,18-21,Free,Mobile,Weekend Binger
4643,22-25,Premium,Mobile,Weekend Binger
4644,22-25,Premium,Mobile,Casual Scroller
4645,22-25,Premium,Laptop,Casual Scroller
4646,18-21,Free,Mobile,Weekend Binger
4647,18-21,Free,Mobile,Casual Scroller
4648,22-25,Premium,Laptop,Casual Scroller
4649,18-21,Basic,Laptop,Casual Scroller
4650,22-25,Free,Mobile,Casual Scroller
4651,22-25,Basic,Mobile,Casual Scroller
4652,22-25,Basic,Mobile,Weekend Binger
4653,22-25,Free,Mobile,Casual Scroller
4654,18-21,Premium,Mobile,Casual Scroller
4655,18-21,Basic,Mobile,Casual Scroller
4656,18-21,Free,TV,Casual Scroller
4657,26-30,Basic,Mobile,Casual Scroller
4658,18-21,Basic,Mobile,Weekend Binger
4659,22-25,Basic,Mobile,Casual Scroller
4660,22-25,Basic,Mobile,Casual Scroller
4661,18-21,Basic,Laptop,Weekend Binger
4662,22-25,Free,TV,Weekend Binger
4663,22-25,Basic,Mobile,Premium Loyalist
4664,18-21,Premium,Laptop,Casual Scroller
4665,22-25,Basic,Mobile,Weekend Binger
4666,22-25,Basic,TV,Weekend Binger
4667,18-21,Premium,Mobile,Casual Scroller
4668,18-21,Basic,TV,Casual Scroller
4669,22-25,Premium,Mobile,Premium Loyalist
4670,22-25,Basic,Mobile,Casual Scroller
4671,18-21,Basic,TV,Casual Scroller
4672,22-25,Basic,Mobile,Weekend Binger
4673,22-25,Basic,Mobile,Casual Scroller
4674,18-21,Premium,TV,Weekend Binger
4675,26-30,Basic,TV,Casual Scroller
4676,22-25,Basic,Mobile,Casual Scroller
4677,18-21,Basic,Mobile,Weekend Binger
4678,18-21,Basic,Mobile,Weekend Binger
4679,18-21,Basic,Mobile,Premium Loyalist
4680,22-25,Basic,Laptop,Casual Scroller
4681,26-30,Free,Mobile,Weekend Binger
4682,18-21,Free,Mobile,Casual Scroller
4683,18-21,Free,Mobile,Casual Scroller
4684,18-21,Free,Mobile,Casual Scroller
4685,26-30,Free,Mobile,Casual Scroller
4686,18-21,Free,Mobile,Casual Scroller
4687,22-25,Premium,Mobile,Casual Scroller
4688,18-21,Basic,Mobile,Weekend Binger
4689,22-25,Basic,TV,Casual Scroller
4690,18-21,Basic,Laptop,Casual Scroller
4691,26-30,Premium,Laptop,Casual Scroller
4692,22-25,Premium,Mobile,Casual Scroller
4693,26-30,Premium,Mobile,Weekend Binger
4694,22-25,Basic,TV,Weekend Binger
4695,18-21,Premium,Mobile,Casual Scroller
4696,22-25,Basic,TV,Casual Scroller
4697,18-21,Basic,Mobile,Premium Loyalist
4698,18-21,Basic,Mobile,Casual Scroller
4699,18-21,Basic,Mobile,Premium Loyalist
4700,22-25,Premium,Mobile,Weekend Binger
4701,22-25,Premium,Mobile,Premium Loyalist
4702,22-25,Basic,Laptop,Casual Scroller
4703,26-30,Basic,Mobile,Casual Scroller
4704,18-21,Basic,Mobile,Weekend Binger
4705,22-25,Basic,Mobile,Weekend Binger
4706,22-25,Basic,Mobile,Weekend Binger
4707,22-25,Free,Mobile,Casual Scroller
4708,18-21,Free,Laptop,Casual Scroller
4709,22-25,Basic,TV,Weekend Binger
4710,18-21,Premium,TV,Casual Scroller
4711,18-21,Premium,Mobile,Casual Scroller
4712,22-25,Premium,TV,Weekend Binger
4713,18-21,Free,Laptop,Casual Scroller
4714,22-25,Basic,Mobile,Casual Scroller
4715,18-21,Basic,Mobile,Weekend Binger
4716,18-21,Basic,Laptop,Weekend Binger
4717,18-21,Free,Mobile,Premium Loyalist
4718,22-25,Basic,Mobile,Casual Scroller
4719,26-30,Free,Mobile,Weekend Binger
4720,18-21,Basic,Mobile,Weekend Binger
4721,18-21,Basic,TV,Weekend Binger
4722,18-21,Basic,TV,Casual Scroller
4723,22-25,Basic,Mobile,Premium Loyalist
4724,18-21,Basic,Mobile,Weekend Binger
4725,22-25,Free,Mobile,Weekend Binger
4726,18-21,Free,Mobile,Casual Scroller
4727,22-25,Free,Laptop,Casual Scroller
4728,18-21,Premium,Mobile,Casual Scroller
4729,18-21,Premium,Mobile,Casual Scroller
4730,22-25,Basic,Mobile,Premium Loyalist
4731,22-25,Basic,Mobile,Casual Scroller
4732,22-25,Basic,Laptop,Premium Loyalist
4733,18-21,Basic,Laptop,Premium Loyalist
4734,18-21,Premium,Laptop,Casual Scroller
4735,18-21,Free,Mobile,Casual Scroller
4736,18-21,Basic,Laptop,Weekend Binger
4737,22-25,Basic,Laptop,Premium Loyalist
4738,22-25,Basic,Mobile,Casual Scroller
4739,18-21,Free,Mobile,Premium Loyalist
4740,18-21,Basic,Laptop,Casual Scroller
4741,26-30,Basic,TV,Casual Scroller
4742,22-25,Free,Mobile,Premium Loyalist
4743,22-25,Premium,Laptop,Weekend Binger
4744,22-25,Basic,Mobile,Weekend Binger
4745,18-21,Premium,Laptop,Casual Scroller
4746,22-25,Basic,Mobile,Weekend Binger
4747,18-21,Premium,Laptop,Weekend Binger
4748,26-30,Basic,Mobile,Casual Scroller
4749,22-25,Basic,Mobile,Casual Scroller
4750,18-21,Free,Laptop,Weekend Binger
4751,22-25,Basic,Laptop,Casual Scroller
4752,18-21,Basic,Mobile,Casual Scroller
4753,18-21,Free,Mobile,Weekend Binger
4754,26-30,Premium,TV,Premium Loyalist
4755,18-21,Premium,Mobile,Casual Scroller
4756,18-21,Free,Laptop,Casual Scroller
4757,22-25,Basic,Mobile,Casual Scroller
4758,22-25,Basic,Laptop,Weekend Binger
4759,26-30,Premium,Mobile,Weekend Binger
4760,18-21,Basic,Mobile,Premium Loyalist
4761,18-21,Free,Mobile,Casual Scroller
4762,26-30,Free,TV,Weekend Binger
4763,26-30,Basic,Laptop,Casual Scroller
4764,26-30,Basic,Mobile,Premium Loyalist
4765,22-25,Basic,Mobile,Weekend Binger
4766,18-21,Premium,Laptop,Weekend Binger
4767,18-21,Free,Mobile,Casual Scroller
4768,18-21,Free,Laptop,Premium Loyalist
4769,22-25,Basic,Mobile,Weekend Binger
4770,22-25,Basic,Mobile,Weekend Binger
4771,18-21,Premium,Mobile,Casual Scroller
4772,18-21,Free,Mobile,Premium Loyalist
4773,22-25,Basic,Mobile,Weekend Binger
4774,22-25,Free,Mobile,Casual Scroller
4775,22-25,Free,Laptop,Weekend Binger
4776,22-25,Basic,Laptop,Casual Scroller
4777,18-21,Basic,Laptop,Weekend Binger
4778,22-25,Basic,Mobile,Casual Scroller
4779,22-25,Basic,Mobile,Casual Scroller
4780,22-25,Free,TV,Weekend Binger
4781,18-21,Basic,Mobile,Weekend Binger
4782,26-30,Basic,Laptop,Casual Scroller
4783,18-21,Premium,Laptop,Casual Scroller
4784,18-21,Premium,TV,Premium Loyalist
4785,22-25,Basic,TV,Weekend Binger
4786,18-21,Free,Mobile,Casual Scroller
4787,18-21,Basic,Mobile,Weekend Binger
4788,22-25,Basic,Mobile,Casual Scroller
4789,18-21,Premium,Mobile,Casual Scroller
4790,22-25,Free,Mobile,Weekend Binger
4791,22-25,Basic,Mobile,Weekend Binger
4792,22-25,Basic,TV,Weekend Binger
4793,22-25,Free,TV,Casual Scroller
4794,22-25,Free,Laptop,Casual Scroller
4795,18-21,Free,Mobile,Casual Scroller
4796,18-21,Basic,Mobile,Weekend Binger
4797,22-25,Basic,Laptop,Premium Loyalist
4798,22-25,Premium,TV,Casual Scroller
4799,22-25,Basic,Mobile,Weekend Binger
4800,26-30,Basic,Mobile,Weekend Binger
4801,22-25,Basic,Mobile,Casual Scroller
4802,18-21,Free,TV,Premium Loyalist
4803,22-25,Premium,Laptop,Premium Loyalist
4804,18-21,Basic,Mobile,Casual Scroller
4805,26-30,Premium,Laptop,Casual Scroller
4806,22-25,Free,Laptop,Casual Scroller
4807,26-30,Basic,Laptop,Casual Scroller
4808,22-25,Basic,Mobile,Casual Scroller
4809,18-21,Basic,Mobile,Premium Loyalist
4810,18-21,Basic,TV,Premium Loyalist
4811,18-21,Premium,Mobile,Premium Loyalist
4812,18-21,Basic,Mobile,Weekend Binger
4813,18-21,Basic,Mobile,Casual Scroller
4814,22-25,Basic,Mobile,Casual Scroller
4815,18-21,Basic,Mobile,Casual Scroller
4816,18-21,Free,Mobile,Weekend Binger
4817,18-21,Basic,Mobile,Weekend Binger
4818,18-21,Free,Laptop,Casual Scroller
4819,22-25,Free,Mobile,Casual Scroller
4820,22-25,Basic,Laptop,Weekend Binger
4821,18-21,Basic,TV,Weekend Binger
4822,22-25,Basic,Mobile,Weekend Binger
4823,22-25,Premium,Laptop,Casual Scroller
4824,18-21,Basic,Mobile,Casual Scroller
4825,26-30,Free,TV,Casual Scroller
4826,26-30,Free,TV,Premium Loyalist
4827,22-25,Basic,Mobile,Casual Scroller
4828,22-25,Premium,Mobile,Casual Scroller
4829,18-21,Basic,Laptop,Casual Scroller
4830,18-21,Basic,Mobile,Premium Loyalist
4831,18-21,Free,Mobile,Premium Loyalist
4832,18-21,Basic,Mobile,Weekend Binger
4833,26-30,Basic,Mobile,Casual Scroller
4834,18-21,Basic,Laptop,Casual Scroller
4835,26-30,Premium,TV,Weekend Binger
4836,18-21,Basic,Mobile,Weekend Binger
4837,18-21,Basic,Laptop,Weekend Binger
4838,22-25,Premium,Mobile,Casual Scroller
4839,22-25,Basic,TV,Casual Scroller
4840,22-25,Basic,Mobile,Weekend Binger
4841,18-21,Basic,Mobile,Weekend Binger
4842,18-21,Basic,TV,Weekend Binger
4843,18-21,Basic,Laptop,Weekend Binger
4844,18-21,Premium,Laptop,Casual Scroller
4845,18-21,Premium,TV,Casual Scroller
4846,18-21,Premium,Laptop,Casual Scroller
4847,18-21,Basic,Mobile,Casual Scroller
4848,18-21,Basic,Mobile,Casual Scroller
4849,26-30,Premium,TV,Casual Scroller
4850,22-25,Premium,Mobile,Premium Loyalist
4851,18-21,Free,Mobile,Weekend Binger
4852,22-25,Basic,Laptop,Weekend Binger
4853,22-25,Premium,Mobile,Casual Scroller
4854,26-30,Free,Laptop,Weekend Binger
4855,18-21,Basic,Laptop,Casual Scroller
4856,18-21,Basic,Mobile,Casual Scroller
4857,18-21,Basic,Mobile,Weekend Binger
4858,26-30,Free,Mobile,Weekend Binger
4859,22-25,Basic,Laptop,Weekend Binger
4860,22-25,Premium,TV,Weekend Binger
4861,22-25,Premium,Mobile,Weekend Binger
4862,18-21,Basic,TV,Casual Scroller
4863,22-25,Premium,Laptop,Weekend Binger
4864,18-21,Basic,Mobile,Casual Scroller
4865,22-25,Basic,Mobile,Casual Scroller
4866,18-21,Basic,TV,Casual Scroller
4867,18-21,Basic,TV,Weekend Binger
4868,22-25,Basic,Mobile,Weekend Binger
4869,18-21,Basic,Mobile,Premium Loyalist
4870,18-21,Premium,Mobile,Weekend Binger
4871,22-25,Free,Laptop,Casual Scroller
4872,18-21,Basic,Laptop,Weekend Binger
4873,18-21,Free,TV,Casual Scroller
4874,18-21,Basic,Laptop,Casual Scroller
4875,18-21,Basic,Mobile,Casual Scroller
4876,18-21,Premium,Mobile,Premium Loyalist
4877,18-21,Basic,Mobile,Premium Loyalist
4878,26-30,Basic,Laptop,Weekend Binger
4879,18-21,Premium,Mobile,Casual Scroller
4880,18-21,Basic,Laptop,Weekend Binger
4881,22-25,Premium,Mobile,Premium Loyalist
4882,22-25,Basic,Mobile,Premium Loyalist
4883,22-25,Free,Mobile,Casual Scroller
4884,18-21,Premium,Mobile,Premium Loyalist
4885,22-25,Premium,TV,Weekend Binger
4886,18-21,Basic,Mobile,Weekend Binger
4887,18-21,Premium,Laptop,Casual Scroller
4888,18-21,Basic,Mobile,Weekend Binger
4889,26-30,Free,TV,Casual Scroller
4890,18-21,Basic,Mobile,Weekend Binger
4891,18-21,Premium,Mobile,Casual Scroller
4892,22-25,Basic,Mobile,Premium Loyalist
4893,18-21,Premium,Mobile,Casual Scroller
4894,22-25,Premium,Mobile,Casual Scroller
4895,18-21,Basic,Mobile,Casual Scroller
4896,18-21,Premium,Mobile,Weekend Binger
4897,18-21,Premium,Mobile,Weekend Binger
4898,22-25,Basic,Mobile,Weekend Binger
4899,18-21,Premium,Mobile,Premium Loyalist
4900,22-25,Basic,Mobile,Casual Scroller
4901,18-21,Basic,Mobile,Premium Loyalist
4902,22-25,Basic,Mobile,Weekend Binger
4903,26-30,Basic,Mobile,Weekend Binger
4904,26-30,Free,Mobile,Weekend Binger
4905,26-30,Basic,Mobile,Casual Scroller
4906,22-25,Free,Mobile,Weekend Binger
4907,18-21,Basic,Laptop,Weekend Binger
4908,26-30,Premium,Mobile,Weekend Binger
4909,18-21,Basic,TV,Premium Loyalist
4910,22-25,Premium,Mobile,Weekend Binger
4911,22-25,Premium,TV,Casual Scroller
4912,22-25,Basic,TV,Weekend Binger
4913,18-21,Basic,TV,Weekend Binger
4914,22-25,Basic,Laptop,Weekend Binger
4915,18-21,Premium,TV,Premium Loyalist
4916,22-25,Premium,Laptop,Weekend Binger
4917,18-21,Free,Mobile,Casual Scroller
4918,22-25,Basic,Mobile,Premium Loyalist
4919,26-30,Premium,Mobile,Weekend Binger
4920,26-30,Basic,TV,Weekend Binger
4921,22-25,Premium,Mobile,Weekend Binger
4922,18-21,Basic,Laptop,Premium Loyalist
4923,18-21,Basic,Laptop,Casual Scroller
4924,18-21,Basic,TV,Weekend Binger
4925,18-21,Premium,Laptop,Premium Loyalist
4926,18-21,Premium,Laptop,Casual Scroller
4927,18-21,Basic,Mobile,Premium Loyalist
4928,18-21,Basic,Mobile,Weekend Binger
4929,18-21,Basic,Mobile,Weekend Binger
4930,22-25,Free,TV,Casual Scroller
4931,18-21,Basic,Mobile,Weekend Binger
4932,18-21,Free,TV,Casual Scroller
4933,26-30,Free,Mobile,Casual Scroller
4934,22-25,Premium,Mobile,Casual Scroller
4935,22-25,Basic,Mobile,Weekend Binger
4936,18-21,Premium,TV,Casual Scroller
4937,26-30,Premium,Mobile,Casual Scroller
4938,26-30,Basic,Mobile,Premium Loyalist
4939,26-30,Basic,Mobile,Casual Scroller
4940,18-21,Free,Laptop,Premium Loyalist
4941,22-25,Basic,Mobile,Casual Scroller
4942,26-30,Premium,TV,Casual Scroller
4943,22-25,Basic,Laptop,Weekend Binger
4944,18-21,Free,TV,Casual Scroller
4945,26-30,Free,Mobile,Weekend Binger
4946,22-25,Premium,Mobile,Casual Scroller
4947,22-25,Free,TV,Weekend Binger
4948,22-25,Basic,TV,Weekend Binger
4949,22-25,Basic,Mobile,Casual Scroller
4950,22-25,Free,Mobile,Weekend Binger
4951,18-21,Basic,Mobile,Premium Loyalist
4952,18-21,Free,Mobile,Casual Scroller
4953,22-25,Premium,Mobile,Premium Loyalist
4954,18-21,Free,Mobile,Weekend Binger
4955,22-25,Premium,Mobile,Casual Scroller
4956,22-25,Free,Mobile,Casual Scroller
4957,22-25,Basic,Mobile,Casual Scroller
4958,18-21,Free,TV,Casual Scroller
4959,26-30,Premium,Laptop,Casual Scroller
4960,22-25,Free,Laptop,Weekend Binger
4961,18-21,Basic,Mobile,Casual Scroller
4962,26-30,Basic,Mobile,Premium Loyalist
4963,18-21,Free,Laptop,Premium Loyalist
4964,26-30,Basic,Mobile,Weekend Binger
4965,22-25,Free,Mobile,Casual Scroller
4966,22-25,Premium,Laptop,Casual Scroller
4967,22-25,Basic,Mobile,Premium Loyalist
4968,18-21,Free,Laptop,Casual Scroller
4969,18-21,Basic,Laptop,Premium Loyalist
4970,18-21,Premium,Laptop,Casual Scroller
4971,22-25,Premium,Mobile,Premium Loyalist
4972,18-21,Free,Mobile,Casual Scroller
4973,22-25,Free,Laptop,Casual Scroller
4974,22-25,Premium,Mobile,Casual Scroller
4975,18-21,Free,Laptop,Weekend Binger
4976,22-25,Premium,Mobile,Casual Scroller
4977,18-21,Premium,Laptop,Casual Scroller
4978,18-21,Premium,TV,Weekend Binger
4979,18-21,Basic,Mobile,Casual Scroller
4980,22-25,Basic,Mobile,Premium Loyalist
4981,26-30,Premium,Laptop,Weekend Binger
4982,18-21,Premium,Mobile,Weekend Binger
4983,18-21,Basic,Mobile,Casual Scroller
4984,18-21,Premium,Mobile,Casual Scroller
4985,18-21,Free,Laptop,Casual Scroller
4986,22-25,Premium,TV,Weekend Binger
4987,18-21,Premium,Laptop,Casual Scroller
4988,22-25,Basic,Laptop,Weekend Binger
4989,18-21,Basic,Mobile,Weekend Binger
4990,18-21,Basic,Laptop,Casual Scroller
4991,26-30,Basic,Mobile,Casual Scroller
4992,26-30,Premium,Mobile,Casual Scroller
4993,18-21,Basic,Laptop,Casual Scroller
4994,22-25,Basic,Mobile,Premium Loyalist
4995,18-21,Basic,Mobile,Casual Scroller
4996,22-25,Free,Mobile,Weekend Binger
4997,18-21,Free,Laptop,Casual Scroller
4998,22-25,Basic,Laptop,Casual Scroller
4999,18-21,Basic,TV,Weekend Binger
5000,18-21,Basic,Laptop,Casual Scroller
